Day,Number of Bicycle Hires,
30/07/2010,6897.00,
31/07/2010,5564.00,
01/08/2010,4303.00,
02/08/2010,6642.00,
03/08/2010,7966.00,
04/08/2010,7893.00,
05/08/2010,8724.00,
06/08/2010,9797.00,
07/08/2010,6631.00,
08/08/2010,7864.00,
09/08/2010,6191.00,
10/08/2010,4802.00,
11/08/2010,14013.00,
12/08/2010,13080.00,
13/08/2010,12151.00,
14/08/2010,9195.00,
15/08/2010,10928.00,
16/08/2010,15384.00,
17/08/2010,15396.00,
18/08/2010,16062.00,
19/08/2010,17170.00,
20/08/2010,16462.00,
21/08/2010,11719.00,
22/08/2010,10129.00,
23/08/2010,12935.00,
24/08/2010,17006.00,
25/08/2010,10062.00,
26/08/2010,9875.00,
27/08/2010,12854.00,
28/08/2010,10116.00,
29/08/2010,7811.00,
30/08/2010,10534.00,
31/08/2010,17508.00,
01/09/2010,19332.00,
02/09/2010,20909.00,
03/09/2010,20113.00,
04/09/2010,14373.00,
05/09/2010,12924.00,
06/09/2010,16841.00,
07/09/2010,25361.00,
08/09/2010,18727.00,
09/09/2010,20774.00,
10/09/2010,19532.00,
11/09/2010,13383.00,
12/09/2010,14002.00,
13/09/2010,18037.00,
14/09/2010,17026.00,
15/09/2010,20890.00,
16/09/2010,20433.00,
17/09/2010,20488.00,
18/09/2010,15495.00,
19/09/2010,11492.00,
20/09/2010,20169.00,
21/09/2010,22906.00,
22/09/2010,23905.00,
23/09/2010,17729.00,
24/09/2010,18053.00,
25/09/2010,14010.00,
26/09/2010,7890.00,
27/09/2010,18789.00,
28/09/2010,21554.00,
29/09/2010,13899.00,
30/09/2010,21823.00,
01/10/2010,11424.00,
02/10/2010,10704.00,
03/10/2010,8237.00,
04/10/2010,23688.00,
05/10/2010,22054.00,
06/10/2010,20114.00,
07/10/2010,24072.00,
08/10/2010,22886.00,
09/10/2010,14463.00,
10/10/2010,14871.00,
11/10/2010,21986.00,
12/10/2010,23016.00,
13/10/2010,22251.00,
14/10/2010,21582.00,
15/10/2010,20934.00,
16/10/2010,12735.00,
17/10/2010,12764.00,
18/10/2010,20464.00,
19/10/2010,17964.00,
20/10/2010,20750.00,
21/10/2010,21161.00,
22/10/2010,20164.00,
23/10/2010,11584.00,
24/10/2010,11259.00,
25/10/2010,18430.00,
26/10/2010,13950.00,
27/10/2010,19559.00,
28/10/2010,19995.00,
29/10/2010,19119.00,
30/10/2010,13493.00,
31/10/2010,8739.00,
01/11/2010,19785.00,
02/11/2010,21754.00,
03/11/2010,27964.00,
04/11/2010,22424.00,
05/11/2010,15815.00,
06/11/2010,11877.00,
07/11/2010,9331.00,
08/11/2010,11328.00,
09/11/2010,16026.00,
10/11/2010,19767.00,
11/11/2010,12901.00,
12/11/2010,14534.00,
13/11/2010,12123.00,
14/11/2010,6235.00,
15/11/2010,18086.00,
16/11/2010,18764.00,
17/11/2010,17005.00,
18/11/2010,15974.00,
19/11/2010,18545.00,
20/11/2010,10806.00,
21/11/2010,8356.00,
22/11/2010,17258.00,
23/11/2010,17427.00,
24/11/2010,18628.00,
25/11/2010,16822.00,
26/11/2010,16092.00,
27/11/2010,7867.00,
28/11/2010,6866.00,
29/11/2010,16681.00,
30/11/2010,9263.00,
01/12/2010,9848.00,
02/12/2010,7356.00,
03/12/2010,8264.00,
04/12/2010,7857.00,
05/12/2010,8321.00,
06/12/2010,13855.00,
07/12/2010,15033.00,
08/12/2010,15225.00,
09/12/2010,16171.00,
10/12/2010,15602.00,
11/12/2010,10328.00,
12/12/2010,8585.00,
13/12/2010,14997.00,
14/12/2010,15550.00,
15/12/2010,13412.00,
16/12/2010,10833.00,
17/12/2010,10366.00,
18/12/2010,2805.00,
19/12/2010,2764.00,
20/12/2010,6876.00,
21/12/2010,7879.00,
22/12/2010,9718.00,
23/12/2010,8867.00,
24/12/2010,5402.00,
25/12/2010,5621.00,
26/12/2010,4383.00,
27/12/2010,3971.00,
28/12/2010,3763.00,
29/12/2010,7010.00,
30/12/2010,7464.00,
31/12/2010,7448.00,
01/01/2011,4555.00,
02/01/2011,6250.00,
03/01/2011,7262.00,
04/01/2011,13430.00,
05/01/2011,13757.00,
06/01/2011,9595.00,
07/01/2011,9294.00,
08/01/2011,9338.00,
09/01/2011,10558.00,
10/01/2011,16058.00,
11/01/2011,16412.00,
12/01/2011,13894.00,
13/01/2011,15911.00,
14/01/2011,14834.00,
15/01/2011,11851.00,
16/01/2011,10471.00,
17/01/2011,10835.00,
18/01/2011,17703.00,
19/01/2011,18350.00,
20/01/2011,17957.00,
21/01/2011,16509.00,
22/01/2011,10658.00,
23/01/2011,9911.00,
24/01/2011,17193.00,
25/01/2011,17045.00,
26/01/2011,16396.00,
27/01/2011,16519.00,
28/01/2011,15538.00,
29/01/2011,9379.00,
30/01/2011,9455.00,
31/01/2011,16260.00,
01/02/2011,16331.00,
02/02/2011,18102.00,
03/02/2011,15593.00,
04/02/2011,14938.00,
05/02/2011,8442.00,
06/02/2011,9437.00,
07/02/2011,16537.00,
08/02/2011,19829.00,
09/02/2011,18197.00,
10/02/2011,11496.00,
11/02/2011,16070.00,
12/02/2011,12855.00,
13/02/2011,7034.00,
14/02/2011,17836.00,
15/02/2011,15667.00,
16/02/2011,18989.00,
17/02/2011,18938.00,
18/02/2011,17460.00,
19/02/2011,6250.00,
20/02/2011,7882.00,
21/02/2011,13720.00,
22/02/2011,15948.00,
23/02/2011,12936.00,
24/02/2011,19230.00,
25/02/2011,18634.00,
26/02/2011,7749.00,
27/02/2011,8349.00,
28/02/2011,13843.00,
01/03/2011,15774.00,
02/03/2011,16929.00,
03/03/2011,16576.00,
04/03/2011,16971.00,
05/03/2011,9847.00,
06/03/2011,7142.00,
07/03/2011,16192.00,
08/03/2011,17240.00,
09/03/2011,18494.00,
10/03/2011,18794.00,
11/03/2011,19074.00,
12/03/2011,15488.00,
13/03/2011,10526.00,
14/03/2011,19451.00,
15/03/2011,19568.00,
16/03/2011,19643.00,
17/03/2011,20036.00,
18/03/2011,14612.00,
19/03/2011,17801.00,
20/03/2011,14694.00,
21/03/2011,20710.00,
22/03/2011,21792.00,
23/03/2011,23837.00,
24/03/2011,23518.00,
25/03/2011,24343.00,
26/03/2011,16095.00,
27/03/2011,17550.00,
28/03/2011,21602.00,
29/03/2011,22080.00,
30/03/2011,18945.00,
31/03/2011,20831.00,
01/04/2011,22048.00,
02/04/2011,19829.00,
03/04/2011,17294.00,
04/04/2011,20949.00,
05/04/2011,16690.00,
06/04/2011,25597.00,
07/04/2011,25451.00,
08/04/2011,26622.00,
09/04/2011,22323.00,
10/04/2011,21346.00,
11/04/2011,22204.00,
12/04/2011,23651.00,
13/04/2011,18909.00,
14/04/2011,22346.00,
15/04/2011,22974.00,
16/04/2011,19632.00,
17/04/2011,22009.00,
18/04/2011,24032.00,
19/04/2011,27914.00,
20/04/2011,27934.00,
21/04/2011,26547.00,
22/04/2011,23719.00,
23/04/2011,19182.00,
24/04/2011,21313.00,
25/04/2011,21669.00,
26/04/2011,22038.00,
27/04/2011,24349.00,
28/04/2011,23794.00,
29/04/2011,19700.00,
30/04/2011,21574.00,
01/05/2011,19489.00,
02/05/2011,18126.00,
03/05/2011,23786.00,
04/05/2011,26183.00,
05/05/2011,23620.00,
06/05/2011,28971.00,
07/05/2011,22274.00,
08/05/2011,21011.00,
09/05/2011,27172.00,
10/05/2011,29417.00,
11/05/2011,27205.00,
12/05/2011,23461.00,
13/05/2011,23991.00,
14/05/2011,21100.00,
15/05/2011,19097.00,
16/05/2011,24620.00,
17/05/2011,25464.00,
18/05/2011,23068.00,
19/05/2011,27534.00,
20/05/2011,27523.00,
21/05/2011,24408.00,
22/05/2011,19348.00,
23/05/2011,24268.00,
24/05/2011,27768.00,
25/05/2011,28708.00,
26/05/2011,18055.00,
27/05/2011,22907.00,
28/05/2011,15693.00,
29/05/2011,18396.00,
30/05/2011,16097.00,
31/05/2011,23312.00,
01/06/2011,26054.00,
02/06/2011,26920.00,
03/06/2011,26641.00,
04/06/2011,15233.00,
05/06/2011,8420.00,
06/06/2011,13812.00,
07/06/2011,22378.00,
08/06/2011,23013.00,
09/06/2011,25061.00,
10/06/2011,20141.00,
11/06/2011,21059.00,
12/06/2011,6061.00,
13/06/2011,23978.00,
14/06/2011,28889.00,
15/06/2011,25643.00,
16/06/2011,17566.00,
17/06/2011,15723.00,
18/06/2011,13721.00,
19/06/2011,17092.00,
20/06/2011,20101.00,
21/06/2011,26780.00,
22/06/2011,22745.00,
23/06/2011,24559.00,
24/06/2011,22137.00,
25/06/2011,17944.00,
26/06/2011,23483.00,
27/06/2011,26243.00,
28/06/2011,21950.00,
29/06/2011,28073.00,
30/06/2011,27297.00,
01/07/2011,27758.00,
02/07/2011,22764.00,
03/07/2011,21423.00,
04/07/2011,27332.00,
05/07/2011,24802.00,
06/07/2011,26207.00,
07/07/2011,20483.00,
08/07/2011,19485.00,
09/07/2011,21360.00,
10/07/2011,20203.00,
11/07/2011,26355.00,
12/07/2011,26633.00,
13/07/2011,25417.00,
14/07/2011,26479.00,
15/07/2011,27114.00,
16/07/2011,10224.00,
17/07/2011,10965.00,
18/07/2011,18541.00,
19/07/2011,21218.00,
20/07/2011,21580.00,
21/07/2011,20951.00,
22/07/2011,25172.00,
23/07/2011,20264.00,
24/07/2011,22464.00,
25/07/2011,25185.00,
26/07/2011,25636.00,
27/07/2011,24989.00,
28/07/2011,26759.00,
29/07/2011,25373.00,
30/07/2011,23930.00,
31/07/2011,21388.00,
01/08/2011,22940.00,
02/08/2011,24290.00,
03/08/2011,26120.00,
04/08/2011,15149.00,
05/08/2011,26792.00,
06/08/2011,20485.00,
07/08/2011,14912.00,
08/08/2011,23489.00,
09/08/2011,23011.00,
10/08/2011,24182.00,
11/08/2011,20573.00,
12/08/2011,22971.00,
13/08/2011,20731.00,
14/08/2011,21115.00,
15/08/2011,23657.00,
16/08/2011,24899.00,
17/08/2011,23010.00,
18/08/2011,16139.00,
19/08/2011,25444.00,
20/08/2011,17334.00,
21/08/2011,21836.00,
22/08/2011,25222.00,
23/08/2011,10953.00,
24/08/2011,22883.00,
25/08/2011,20026.00,
26/08/2011,12368.00,
27/08/2011,14045.00,
28/08/2011,15908.00,
29/08/2011,17443.00,
30/08/2011,21477.00,
31/08/2011,23036.00,
01/09/2011,25110.00,
02/09/2011,25981.00,
03/09/2011,24578.00,
04/09/2011,14967.00,
05/09/2011,21776.00,
06/09/2011,13863.00,
07/09/2011,22746.00,
08/09/2011,23679.00,
09/09/2011,23957.00,
10/09/2011,20069.00,
11/09/2011,17719.00,
12/09/2011,21572.00,
13/09/2011,23962.00,
14/09/2011,25824.00,
15/09/2011,25803.00,
16/09/2011,25567.00,
17/09/2011,15147.00,
18/09/2011,17327.00,
19/09/2011,23708.00,
20/09/2011,23676.00,
21/09/2011,22730.00,
22/09/2011,24601.00,
23/09/2011,25114.00,
24/09/2011,22113.00,
25/09/2011,21211.00,
26/09/2011,20527.00,
27/09/2011,24841.00,
28/09/2011,28434.00,
29/09/2011,29039.00,
30/09/2011,29139.00,
01/10/2011,27129.00,
02/10/2011,26906.00,
03/10/2011,27559.00,
04/10/2011,26131.00,
05/10/2011,26263.00,
06/10/2011,25083.00,
07/10/2011,24529.00,
08/10/2011,18154.00,
09/10/2011,17643.00,
10/10/2011,24198.00,
11/10/2011,26184.00,
12/10/2011,26323.00,
13/10/2011,25149.00,
14/10/2011,26542.00,
15/10/2011,23663.00,
16/10/2011,18530.00,
17/10/2011,23892.00,
18/10/2011,23791.00,
19/10/2011,23259.00,
20/10/2011,23157.00,
21/10/2011,23253.00,
22/10/2011,20482.00,
23/10/2011,18560.00,
24/10/2011,22842.00,
25/10/2011,22771.00,
26/10/2011,17621.00,
27/10/2011,19360.00,
28/10/2011,23158.00,
29/10/2011,18228.00,
30/10/2011,15443.00,
31/10/2011,22999.00,
01/11/2011,22747.00,
02/11/2011,23724.00,
03/11/2011,18676.00,
04/11/2011,18774.00,
05/11/2011,16434.00,
06/11/2011,14317.00,
07/11/2011,20365.00,
08/11/2011,19231.00,
09/11/2011,22542.00,
10/11/2011,23475.00,
11/11/2011,21140.00,
12/11/2011,18933.00,
13/11/2011,17744.00,
14/11/2011,19913.00,
15/11/2011,22245.00,
16/11/2011,21639.00,
17/11/2011,22802.00,
18/11/2011,22461.00,
19/11/2011,18706.00,
20/11/2011,14829.00,
21/11/2011,20824.00,
22/11/2011,20341.00,
23/11/2011,21855.00,
24/11/2011,21870.00,
25/11/2011,21598.00,
26/11/2011,15803.00,
27/11/2011,14362.00,
28/11/2011,20167.00,
29/11/2011,18718.00,
30/11/2011,20956.00,
01/12/2011,16481.00,
02/12/2011,19146.00,
03/12/2011,13776.00,
04/12/2011,10276.00,
05/12/2011,18176.00,
06/12/2011,18943.00,
07/12/2011,19279.00,
08/12/2011,17313.00,
09/12/2011,18421.00,
10/12/2011,11864.00,
11/12/2011,8368.00,
12/12/2011,16554.00,
13/12/2011,17111.00,
14/12/2011,17543.00,
15/12/2011,17081.00,
16/12/2011,11778.00,
17/12/2011,8925.00,
18/12/2011,7485.00,
19/12/2011,11270.00,
20/12/2011,15685.00,
21/12/2011,14158.00,
22/12/2011,15099.00,
23/12/2011,9131.00,
24/12/2011,4890.00,
25/12/2011,17998.00,
26/12/2011,10953.00,
27/12/2011,8076.00,
28/12/2011,9888.00,
29/12/2011,8368.00,
30/12/2011,6900.00,
31/12/2011,7793.00,
01/01/2012,5171.00,
02/01/2012,9091.00,
03/01/2012,10094.00,
04/01/2012,13936.00,
05/01/2012,14191.00,
06/01/2012,17713.00,
07/01/2012,12556.00,
08/01/2012,10487.00,
09/01/2012,19472.00,
10/01/2012,20548.00,
11/01/2012,20958.00,
12/01/2012,20879.00,
13/01/2012,19691.00,
14/01/2012,13843.00,
15/01/2012,12149.00,
16/01/2012,19136.00,
17/01/2012,20170.00,
18/01/2012,17972.00,
19/01/2012,15441.00,
20/01/2012,18703.00,
21/01/2012,13339.00,
22/01/2012,12845.00,
23/01/2012,20193.00,
24/01/2012,13269.00,
25/01/2012,20836.00,
26/01/2012,19515.00,
27/01/2012,20775.00,
28/01/2012,13272.00,
29/01/2012,10949.00,
30/01/2012,18955.00,
31/01/2012,18176.00,
01/02/2012,18208.00,
02/02/2012,16916.00,
03/02/2012,16185.00,
04/02/2012,8348.00,
05/02/2012,3531.00,
06/02/2012,15202.00,
07/02/2012,17722.00,
08/02/2012,16442.00,
09/02/2012,16363.00,
10/02/2012,15117.00,
11/02/2012,9912.00,
12/02/2012,8020.00,
13/02/2012,13172.00,
14/02/2012,17946.00,
15/02/2012,19396.00,
16/02/2012,19505.00,
17/02/2012,19444.00,
18/02/2012,9463.00,
19/02/2012,12655.00,
20/02/2012,18802.00,
21/02/2012,20861.00,
22/02/2012,18112.00,
23/02/2012,23391.00,
24/02/2012,22067.00,
25/02/2012,19349.00,
26/02/2012,17646.00,
27/02/2012,20936.00,
28/02/2012,23423.00,
29/02/2012,23692.00,
01/03/2012,25116.00,
02/03/2012,21928.00,
03/03/2012,17697.00,
04/03/2012,5062.00,
05/03/2012,19342.00,
06/03/2012,21102.00,
07/03/2012,17096.00,
08/03/2012,24123.00,
09/03/2012,23609.00,
10/03/2012,24721.00,
11/03/2012,27758.00,
12/03/2012,28856.00,
13/03/2012,27528.00,
14/03/2012,28296.00,
15/03/2012,29969.00,
16/03/2012,26452.00,
17/03/2012,13391.00,
18/03/2012,19184.00,
19/03/2012,28391.00,
20/03/2012,30817.00,
21/03/2012,31175.00,
22/03/2012,31135.00,
23/03/2012,33635.00,
24/03/2012,35091.00,
25/03/2012,28607.00,
26/03/2012,32368.00,
27/03/2012,34563.00,
28/03/2012,36539.00,
29/03/2012,35954.00,
30/03/2012,35666.00,
31/03/2012,23038.00,
01/04/2012,30513.00,
02/04/2012,32142.00,
03/04/2012,25956.00,
04/04/2012,27912.00,
05/04/2012,24383.00,
06/04/2012,22354.00,
07/04/2012,16848.00,
08/04/2012,15717.00,
09/04/2012,6214.00,
10/04/2012,24898.00,
11/04/2012,29345.00,
12/04/2012,25772.00,
13/04/2012,27673.00,
14/04/2012,26193.00,
15/04/2012,10188.00,
16/04/2012,28188.00,
17/04/2012,20105.00,
18/04/2012,16651.00,
19/04/2012,18759.00,
20/04/2012,22730.00,
21/04/2012,22014.00,
22/04/2012,19707.00,
23/04/2012,19262.00,
24/04/2012,27522.00,
25/04/2012,12737.00,
26/04/2012,21740.00,
27/04/2012,24263.00,
28/04/2012,7827.00,
29/04/2012,9951.00,
30/04/2012,31909.00,
01/05/2012,24523.00,
02/05/2012,28381.00,
03/05/2012,23768.00,
04/05/2012,25503.00,
05/05/2012,16009.00,
06/05/2012,17160.00,
07/05/2012,15227.00,
08/05/2012,28585.00,
09/05/2012,21758.00,
10/05/2012,26164.00,
11/05/2012,31385.00,
12/05/2012,30699.00,
13/05/2012,28778.00,
14/05/2012,23344.00,
15/05/2012,18409.00,
16/05/2012,31453.00,
17/05/2012,31219.00,
18/05/2012,30945.00,
19/05/2012,28474.00,
20/05/2012,22286.00,
21/05/2012,30905.00,
22/05/2012,36720.00,
23/05/2012,40486.00,
24/05/2012,42008.00,
25/05/2012,41357.00,
26/05/2012,39358.00,
27/05/2012,38781.00,
28/05/2012,40872.00,
29/05/2012,37962.00,
30/05/2012,38803.00,
31/05/2012,35630.00,
01/06/2012,34524.00,
02/06/2012,25283.00,
03/06/2012,12207.00,
04/06/2012,22649.00,
05/06/2012,15537.00,
06/06/2012,30297.00,
07/06/2012,23066.00,
08/06/2012,22224.00,
09/06/2012,29258.00,
10/06/2012,20876.00,
11/06/2012,10252.00,
12/06/2012,23742.00,
13/06/2012,34447.00,
14/06/2012,31593.00,
15/06/2012,30944.00,
16/06/2012,26300.00,
17/06/2012,28531.00,
18/06/2012,31089.00,
19/06/2012,37601.00,
20/06/2012,39267.00,
21/06/2012,27052.00,
22/06/2012,33027.00,
23/06/2012,26900.00,
24/06/2012,23509.00,
25/06/2012,36337.00,
26/06/2012,37652.00,
27/06/2012,36767.00,
28/06/2012,39571.00,
29/06/2012,35321.00,
30/06/2012,32982.00,
01/07/2012,27438.00,
02/07/2012,24963.00,
03/07/2012,27163.00,
04/07/2012,32433.00,
05/07/2012,40565.00,
06/07/2012,24723.00,
07/07/2012,24782.00,
08/07/2012,15855.00,
09/07/2012,30523.00,
10/07/2012,29723.00,
11/07/2012,30544.00,
12/07/2012,24736.00,
13/07/2012,28875.00,
14/07/2012,17999.00,
15/07/2012,29938.00,
16/07/2012,24218.00,
17/07/2012,36788.00,
18/07/2012,29841.00,
19/07/2012,37032.00,
20/07/2012,31187.00,
21/07/2012,34776.00,
22/07/2012,38620.00,
23/07/2012,42309.00,
24/07/2012,45748.00,
25/07/2012,45024.00,
26/07/2012,46891.00,
27/07/2012,42815.00,
28/07/2012,44617.00,
29/07/2012,26352.00,
30/07/2012,41891.00,
31/07/2012,35805.00,
01/08/2012,41603.00,
02/08/2012,43183.00,
03/08/2012,43045.00,
04/08/2012,39082.00,
05/08/2012,30150.00,
06/08/2012,37198.00,
07/08/2012,38134.00,
08/08/2012,42263.00,
09/08/2012,46050.00,
10/08/2012,47102.00,
11/08/2012,44111.00,
12/08/2012,41734.00,
13/08/2012,36101.00,
14/08/2012,41532.00,
15/08/2012,36557.00,
16/08/2012,38181.00,
17/08/2012,40821.00,
18/08/2012,40577.00,
19/08/2012,35370.00,
20/08/2012,37997.00,
21/08/2012,39185.00,
22/08/2012,39962.00,
23/08/2012,36578.00,
24/08/2012,33329.00,
25/08/2012,17802.00,
26/08/2012,31939.00,
27/08/2012,27522.00,
28/08/2012,37362.00,
29/08/2012,30916.00,
30/08/2012,30379.00,
31/08/2012,37406.00,
01/09/2012,33123.00,
02/09/2012,27997.00,
03/09/2012,39941.00,
04/09/2012,40298.00,
05/09/2012,40606.00,
06/09/2012,39864.00,
07/09/2012,41414.00,
08/09/2012,40978.00,
09/09/2012,39006.00,
10/09/2012,35489.00,
11/09/2012,37276.00,
12/09/2012,35654.00,
13/09/2012,37938.00,
14/09/2012,36653.00,
15/09/2012,36493.00,
16/09/2012,29785.00,
17/09/2012,35954.00,
18/09/2012,37026.00,
19/09/2012,36136.00,
20/09/2012,35929.00,
21/09/2012,32347.00,
22/09/2012,33867.00,
23/09/2012,8452.00,
24/09/2012,21229.00,
25/09/2012,33706.00,
26/09/2012,27202.00,
27/09/2012,32416.00,
28/09/2012,31880.00,
29/09/2012,31223.00,
30/09/2012,25263.00,
01/10/2012,23627.00,
02/10/2012,30107.00,
03/10/2012,32695.00,
04/10/2012,35136.00,
05/10/2012,23773.00,
06/10/2012,30424.00,
07/10/2012,27168.00,
08/10/2012,22984.00,
09/10/2012,32965.00,
10/10/2012,35221.00,
11/10/2012,25324.00,
12/10/2012,31694.00,
13/10/2012,26289.00,
14/10/2012,25440.00,
15/10/2012,30558.00,
16/10/2012,33253.00,
17/10/2012,30285.00,
18/10/2012,32566.00,
19/10/2012,21001.00,
20/10/2012,25411.00,
21/10/2012,15563.00,
22/10/2012,27294.00,
23/10/2012,31996.00,
24/10/2012,33882.00,
25/10/2012,29515.00,
26/10/2012,26404.00,
27/10/2012,17144.00,
28/10/2012,15305.00,
29/10/2012,24276.00,
30/10/2012,30325.00,
31/10/2012,29241.00,
01/11/2012,26888.00,
02/11/2012,28748.00,
03/11/2012,21498.00,
04/11/2012,11693.00,
05/11/2012,27666.00,
06/11/2012,27038.00,
07/11/2012,29537.00,
08/11/2012,29895.00,
09/11/2012,29349.00,
10/11/2012,18018.00,
11/11/2012,20971.00,
12/11/2012,23680.00,
13/11/2012,30511.00,
14/11/2012,31453.00,
15/11/2012,30165.00,
16/11/2012,28143.00,
17/11/2012,20325.00,
18/11/2012,21664.00,
19/11/2012,28127.00,
20/11/2012,25921.00,
21/11/2012,20554.00,
22/11/2012,27783.00,
23/11/2012,27973.00,
24/11/2012,8902.00,
25/11/2012,16894.00,
26/11/2012,20656.00,
27/11/2012,20388.00,
28/11/2012,21403.00,
29/11/2012,26212.00,
30/11/2012,24838.00,
01/12/2012,16068.00,
02/12/2012,15227.00,
03/12/2012,23592.00,
04/12/2012,26144.00,
05/12/2012,23111.00,
06/12/2012,22645.00,
07/12/2012,20140.00,
08/12/2012,17805.00,
09/12/2012,14147.00,
10/12/2012,23937.00,
11/12/2012,23531.00,
12/12/2012,22344.00,
13/12/2012,21704.00,
14/12/2012,17085.00,
15/12/2012,16962.00,
16/12/2012,14128.00,
17/12/2012,22899.00,
18/12/2012,23651.00,
19/12/2012,16828.00,
20/12/2012,12401.00,
21/12/2012,20395.00,
22/12/2012,5644.00,
23/12/2012,9184.00,
24/12/2012,7985.00,
25/12/2012,16816.00,
26/12/2012,10405.00,
27/12/2012,9013.00,
28/12/2012,10947.00,
29/12/2012,8498.00,
30/12/2012,11343.00,
31/12/2012,8865.00,
01/01/2013,12149.00,
02/01/2013,16203.00,
03/01/2013,21269.00,
04/01/2013,22435.00,
05/01/2013,16242.00,
06/01/2013,13622.00,
07/01/2013,23348.00,
08/01/2013,25909.00,
09/01/2013,25341.00,
10/01/2013,24363.00,
11/01/2013,23869.00,
12/01/2013,13562.00,
13/01/2013,12260.00,
14/01/2013,17427.00,
15/01/2013,22797.00,
16/01/2013,22460.00,
17/01/2013,22210.00,
18/01/2013,13108.00,
19/01/2013,7843.00,
20/01/2013,3728.00,
21/01/2013,13467.00,
22/01/2013,18061.00,
23/01/2013,19404.00,
24/01/2013,20721.00,
25/01/2013,20178.00,
26/01/2013,14595.00,
27/01/2013,13689.00,
28/01/2013,18689.00,
29/01/2013,21268.00,
30/01/2013,23415.00,
31/01/2013,21957.00,
01/02/2013,18081.00,
02/02/2013,15757.00,
03/02/2013,13572.00,
04/02/2013,23017.00,
05/02/2013,21177.00,
06/02/2013,20664.00,
07/02/2013,20852.00,
08/02/2013,20571.00,
09/02/2013,11274.00,
10/02/2013,4901.00,
11/02/2013,13468.00,
12/02/2013,20342.00,
13/02/2013,21051.00,
14/02/2013,21034.00,
15/02/2013,22952.00,
16/02/2013,19072.00,
17/02/2013,19044.00,
18/02/2013,22724.00,
19/02/2013,24525.00,
20/02/2013,20938.00,
21/02/2013,19757.00,
22/02/2013,18313.00,
23/02/2013,11234.00,
24/02/2013,9404.00,
25/02/2013,19800.00,
26/02/2013,19595.00,
27/02/2013,21484.00,
28/02/2013,21985.00,
01/03/2013,19487.00,
02/03/2013,15265.00,
03/03/2013,14520.00,
04/03/2013,23036.00,
05/03/2013,27054.00,
06/03/2013,24324.00,
07/03/2013,17322.00,
08/03/2013,13843.00,
09/03/2013,14244.00,
10/03/2013,10163.00,
11/03/2013,16546.00,
12/03/2013,18794.00,
13/03/2013,20245.00,
14/03/2013,21984.00,
15/03/2013,17159.00,
16/03/2013,9190.00,
17/03/2013,7940.00,
18/03/2013,15852.00,
19/03/2013,22479.00,
20/03/2013,22216.00,
21/03/2013,22061.00,
22/03/2013,16233.00,
23/03/2013,5249.00,
24/03/2013,6786.00,
25/03/2013,17290.00,
26/03/2013,18384.00,
27/03/2013,19184.00,
28/03/2013,18052.00,
29/03/2013,10909.00,
30/03/2013,9793.00,
31/03/2013,9007.00,
01/04/2013,9421.00,
02/04/2013,19148.00,
03/04/2013,17801.00,
04/04/2013,15626.00,
05/04/2013,18059.00,
06/04/2013,18216.00,
07/04/2013,18090.00,
08/04/2013,21797.00,
09/04/2013,17555.00,
10/04/2013,22233.00,
11/04/2013,19240.00,
12/04/2013,15100.00,
13/04/2013,11291.00,
14/04/2013,25074.00,
15/04/2013,24923.00,
16/04/2013,26060.00,
17/04/2013,25730.00,
18/04/2013,23979.00,
19/04/2013,24297.00,
20/04/2013,26724.00,
21/04/2013,22466.00,
22/04/2013,25384.00,
23/04/2013,31359.00,
24/04/2013,30193.00,
25/04/2013,32000.00,
26/04/2013,23125.00,
27/04/2013,17337.00,
28/04/2013,19139.00,
29/04/2013,27644.00,
30/04/2013,29219.00,
01/05/2013,31175.00,
02/05/2013,31239.00,
03/05/2013,31340.00,
04/05/2013,19156.00,
05/05/2013,24342.00,
06/05/2013,29015.00,
07/05/2013,30707.00,
08/05/2013,26032.00,
09/05/2013,24250.00,
10/05/2013,26399.00,
11/05/2013,16627.00,
12/05/2013,15918.00,
13/05/2013,24836.00,
14/05/2013,18054.00,
15/05/2013,24015.00,
16/05/2013,26070.00,
17/05/2013,24932.00,
18/05/2013,22272.00,
19/05/2013,23994.00,
20/05/2013,25914.00,
21/05/2013,27649.00,
22/05/2013,26967.00,
23/05/2013,24701.00,
24/05/2013,12891.00,
25/05/2013,21087.00,
26/05/2013,27251.00,
27/05/2013,25819.00,
28/05/2013,14556.00,
29/05/2013,21440.00,
30/05/2013,22150.00,
31/05/2013,29136.00,
01/06/2013,24782.00,
02/06/2013,27202.00,
03/06/2013,29940.00,
04/06/2013,32397.00,
05/06/2013,32488.00,
06/06/2013,32829.00,
07/06/2013,28762.00,
08/06/2013,27264.00,
09/06/2013,19429.00,
10/06/2013,27336.00,
11/06/2013,26601.00,
12/06/2013,24401.00,
13/06/2013,26388.00,
14/06/2013,28797.00,
15/06/2013,16020.00,
16/06/2013,19970.00,
17/06/2013,28611.00,
18/06/2013,30871.00,
19/06/2013,31899.00,
20/06/2013,29959.00,
21/06/2013,28844.00,
22/06/2013,19483.00,
23/06/2013,19006.00,
24/06/2013,27636.00,
25/06/2013,31889.00,
26/06/2013,31156.00,
27/06/2013,27306.00,
28/06/2013,22074.00,
29/06/2013,29054.00,
30/06/2013,31237.00,
01/07/2013,31151.00,
02/07/2013,30163.00,
03/07/2013,30780.00,
04/07/2013,32941.00,
05/07/2013,34704.00,
06/07/2013,34191.00,
07/07/2013,31363.00,
08/07/2013,34263.00,
09/07/2013,35519.00,
10/07/2013,33629.00,
11/07/2013,33792.00,
12/07/2013,33173.00,
13/07/2013,33509.00,
14/07/2013,32169.00,
15/07/2013,34419.00,
16/07/2013,35580.00,
17/07/2013,35203.00,
18/07/2013,35330.00,
19/07/2013,35196.00,
20/07/2013,28332.00,
21/07/2013,30075.00,
22/07/2013,33176.00,
23/07/2013,31624.00,
24/07/2013,34038.00,
25/07/2013,33683.00,
26/07/2013,34681.00,
27/07/2013,25761.00,
28/07/2013,28177.00,
29/07/2013,30415.00,
30/07/2013,22742.00,
31/07/2013,28976.00,
01/08/2013,34770.00,
02/08/2013,29109.00,
03/08/2013,34928.00,
04/08/2013,32580.00,
05/08/2013,23864.00,
06/08/2013,33631.00,
07/08/2013,33084.00,
08/08/2013,33737.00,
09/08/2013,28206.00,
10/08/2013,28830.00,
11/08/2013,29530.00,
12/08/2013,30425.00,
13/08/2013,30933.00,
14/08/2013,31412.00,
15/08/2013,30865.00,
16/08/2013,25555.00,
17/08/2013,23931.00,
18/08/2013,26910.00,
19/08/2013,31183.00,
20/08/2013,33578.00,
21/08/2013,33214.00,
22/08/2013,22363.00,
23/08/2013,30665.00,
24/08/2013,7341.00,
25/08/2013,21638.00,
26/08/2013,27802.00,
27/08/2013,29563.00,
28/08/2013,32024.00,
29/08/2013,31639.00,
30/08/2013,31127.00,
31/08/2013,29718.00,
01/09/2013,23856.00,
02/09/2013,31292.00,
03/09/2013,31600.00,
04/09/2013,33406.00,
05/09/2013,33574.00,
06/09/2013,20930.00,
07/09/2013,21279.00,
08/09/2013,18046.00,
09/09/2013,17943.00,
10/09/2013,24558.00,
11/09/2013,23386.00,
12/09/2013,24246.00,
13/09/2013,15392.00,
14/09/2013,12977.00,
15/09/2013,4826.00,
16/09/2013,21892.00,
17/09/2013,18428.00,
18/09/2013,25319.00,
19/09/2013,18746.00,
20/09/2013,26196.00,
21/09/2013,21988.00,
22/09/2013,22683.00,
23/09/2013,26625.00,
24/09/2013,28666.00,
25/09/2013,28183.00,
26/09/2013,28857.00,
27/09/2013,27371.00,
28/09/2013,21716.00,
29/09/2013,20654.00,
30/09/2013,27089.00,
01/10/2013,27711.00,
02/10/2013,26467.00,
03/10/2013,25153.00,
04/10/2013,26522.00,
05/10/2013,22996.00,
06/10/2013,25143.00,
07/10/2013,26680.00,
08/10/2013,27598.00,
09/10/2013,26433.00,
10/10/2013,23497.00,
11/10/2013,15640.00,
12/10/2013,17068.00,
13/10/2013,7068.00,
14/10/2013,18979.00,
15/10/2013,24657.00,
16/10/2013,20562.00,
17/10/2013,25170.00,
18/10/2013,24880.00,
19/10/2013,17430.00,
20/10/2013,11396.00,
21/10/2013,21385.00,
22/10/2013,22316.00,
23/10/2013,24178.00,
24/10/2013,26399.00,
25/10/2013,23677.00,
26/10/2013,16986.00,
27/10/2013,15652.00,
28/10/2013,14577.00,
29/10/2013,23126.00,
30/10/2013,24753.00,
31/10/2013,20055.00,
01/11/2013,20597.00,
02/11/2013,15347.00,
03/11/2013,13063.00,
04/11/2013,20369.00,
05/11/2013,19326.00,
06/11/2013,18431.00,
07/11/2013,22527.00,
08/11/2013,15188.00,
09/11/2013,6772.00,
10/11/2013,9767.00,
11/11/2013,14377.00,
12/11/2013,19572.00,
13/11/2013,22021.00,
14/11/2013,21061.00,
15/11/2013,20850.00,
16/11/2013,15029.00,
17/11/2013,12340.00,
18/11/2013,18491.00,
19/11/2013,20335.00,
20/11/2013,14115.00,
21/11/2013,18668.00,
22/11/2013,18789.00,
23/11/2013,13276.00,
24/11/2013,10505.00,
25/11/2013,19201.00,
26/11/2013,20486.00,
27/11/2013,20274.00,
28/11/2013,20649.00,
29/11/2013,19397.00,
30/11/2013,13323.00,
01/12/2013,11711.00,
02/12/2013,19630.00,
03/12/2013,20242.00,
04/12/2013,20035.00,
05/12/2013,18326.00,
06/12/2013,18494.00,
07/12/2013,13625.00,
08/12/2013,13076.00,
09/12/2013,19969.00,
10/12/2013,20432.00,
11/12/2013,19123.00,
12/12/2013,19420.00,
13/12/2013,16921.00,
14/12/2013,14049.00,
15/12/2013,8557.00,
16/12/2013,13825.00,
17/12/2013,15689.00,
18/12/2013,17311.00,
19/12/2013,17738.00,
20/12/2013,18046.00,
21/12/2013,5774.00,
22/12/2013,9233.00,
23/12/2013,6246.00,
24/12/2013,6201.00,
25/12/2013,27715.00,
26/12/2013,7666.00,
27/12/2013,7258.00,
28/12/2013,10533.00,
29/12/2013,10983.00,
30/12/2013,8413.00,
31/12/2013,7701.00,
01/01/2014,4327.00,
02/01/2014,15820.00,
03/01/2014,11636.00,
04/01/2014,6918.00,
05/01/2014,9145.00,
06/01/2014,13066.00,
07/01/2014,17420.00,
08/01/2014,19770.00,
09/01/2014,19143.00,
10/01/2014,18840.00,
11/01/2014,15723.00,
12/01/2014,11975.00,
13/01/2014,17721.00,
14/01/2014,20740.00,
15/01/2014,19243.00,
16/01/2014,18861.00,
17/01/2014,17434.00,
18/01/2014,15333.00,
19/01/2014,16083.00,
20/01/2014,21218.00,
21/01/2014,21756.00,
22/01/2014,21072.00,
23/01/2014,20020.00,
24/01/2014,19272.00,
25/01/2014,14581.00,
26/01/2014,7033.00,
27/01/2014,18285.00,
28/01/2014,19939.00,
29/01/2014,10585.00,
30/01/2014,17052.00,
31/01/2014,13859.00,
01/02/2014,13981.00,
02/02/2014,15924.00,
03/02/2014,20370.00,
04/02/2014,21217.00,
05/02/2014,29418.00,
06/02/2014,25395.00,
07/02/2014,19857.00,
08/02/2014,10928.00,
09/02/2014,11657.00,
10/02/2014,19278.00,
11/02/2014,18514.00,
12/02/2014,18000.00,
13/02/2014,20954.00,
14/02/2014,12794.00,
15/02/2014,11208.00,
16/02/2014,18484.00,
17/02/2014,19013.00,
18/02/2014,19484.00,
19/02/2014,21556.00,
20/02/2014,19396.00,
21/02/2014,21269.00,
22/02/2014,20033.00,
23/02/2014,13680.00,
24/02/2014,21469.00,
25/02/2014,20713.00,
26/02/2014,23938.00,
27/02/2014,20629.00,
28/02/2014,13781.00,
01/03/2014,18823.00,
02/03/2014,11727.00,
03/03/2014,18150.00,
04/03/2014,23069.00,
05/03/2014,25102.00,
06/03/2014,24696.00,
07/03/2014,24385.00,
08/03/2014,25556.00,
09/03/2014,33955.00,
10/03/2014,24347.00,
11/03/2014,23871.00,
12/03/2014,27173.00,
13/03/2014,27552.00,
14/03/2014,28134.00,
15/03/2014,29664.00,
16/03/2014,34421.00,
17/03/2014,26465.00,
18/03/2014,25502.00,
19/03/2014,26719.00,
20/03/2014,23718.00,
21/03/2014,23821.00,
22/03/2014,19091.00,
23/03/2014,17463.00,
24/03/2014,24055.00,
25/03/2014,19421.00,
26/03/2014,20493.00,
27/03/2014,23462.00,
28/03/2014,24198.00,
29/03/2014,29511.00,
30/03/2014,26605.00,
31/03/2014,26715.00,
01/04/2014,29782.00,
02/04/2014,28876.00,
03/04/2014,28245.00,
04/04/2014,27401.00,
05/04/2014,25648.00,
06/04/2014,16387.00,
07/04/2014,18883.00,
08/04/2014,26654.00,
09/04/2014,29621.00,
10/04/2014,29229.00,
11/04/2014,28435.00,
12/04/2014,25706.00,
13/04/2014,31404.00,
14/04/2014,28742.00,
15/04/2014,30031.00,
16/04/2014,30934.00,
17/04/2014,27676.00,
18/04/2014,22152.00,
19/04/2014,21424.00,
20/04/2014,7188.00,
21/04/2014,20532.00,
22/04/2014,22689.00,
23/04/2014,27102.00,
24/04/2014,29119.00,
25/04/2014,20400.00,
26/04/2014,25195.00,
27/04/2014,21284.00,
28/04/2014,29474.00,
29/04/2014,46333.00,
30/04/2014,49025.00,
01/05/2014,16644.00,
02/05/2014,26510.00,
03/05/2014,31534.00,
04/05/2014,33030.00,
05/05/2014,33748.00,
06/05/2014,32323.00,
07/05/2014,28802.00,
08/05/2014,19398.00,
09/05/2014,30131.00,
10/05/2014,19373.00,
11/05/2014,17645.00,
12/05/2014,26149.00,
13/05/2014,25351.00,
14/05/2014,34122.00,
15/05/2014,35148.00,
16/05/2014,36268.00,
17/05/2014,38147.00,
18/05/2014,43663.00,
19/05/2014,37088.00,
20/05/2014,33626.00,
21/05/2014,34437.00,
22/05/2014,30819.00,
23/05/2014,30556.00,
24/05/2014,18723.00,
25/05/2014,33401.00,
26/05/2014,12049.00,
27/05/2014,14446.00,
28/05/2014,21978.00,
29/05/2014,29229.00,
30/05/2014,31331.00,
31/05/2014,35040.00,
01/06/2014,36655.00,
02/06/2014,33481.00,
03/06/2014,29332.00,
04/06/2014,25905.00,
05/06/2014,34617.00,
06/06/2014,37440.00,
07/06/2014,29919.00,
08/06/2014,44415.00,
09/06/2014,34305.00,
10/06/2014,40128.00,
11/06/2014,39582.00,
12/06/2014,39928.00,
13/06/2014,40036.00,
14/06/2014,32758.00,
15/06/2014,28944.00,
16/06/2014,31592.00,
17/06/2014,37658.00,
18/06/2014,35431.00,
19/06/2014,36113.00,
20/06/2014,36924.00,
21/06/2014,42463.00,
22/06/2014,41596.00,
23/06/2014,35206.00,
24/06/2014,38066.00,
25/06/2014,39623.00,
26/06/2014,35438.00,
27/06/2014,35912.00,
28/06/2014,20199.00,
29/06/2014,26714.00,
30/06/2014,32193.00,
01/07/2014,39495.00,
02/07/2014,40878.00,
03/07/2014,43116.00,
04/07/2014,38316.00,
05/07/2014,27332.00,
06/07/2014,31117.00,
07/07/2014,36191.00,
08/07/2014,35107.00,
09/07/2014,38844.00,
10/07/2014,32108.00,
11/07/2014,27618.00,
12/07/2014,38331.00,
13/07/2014,33227.00,
14/07/2014,38450.00,
15/07/2014,40888.00,
16/07/2014,42341.00,
17/07/2014,42404.00,
18/07/2014,40543.00,
19/07/2014,37061.00,
20/07/2014,34379.00,
21/07/2014,38499.00,
22/07/2014,42928.00,
23/07/2014,42486.00,
24/07/2014,42412.00,
25/07/2014,31881.00,
26/07/2014,43788.00,
27/07/2014,39917.00,
28/07/2014,36203.00,
29/07/2014,42308.00,
30/07/2014,43044.00,
31/07/2014,41970.00,
01/08/2014,40009.00,
02/08/2014,38046.00,
03/08/2014,41944.00,
04/08/2014,39856.00,
05/08/2014,40716.00,
06/08/2014,38665.00,
07/08/2014,42491.00,
08/08/2014,34234.00,
09/08/2014,47454.00,
10/08/2014,23980.00,
11/08/2014,31725.00,
12/08/2014,34827.00,
13/08/2014,37856.00,
14/08/2014,27185.00,
15/08/2014,32510.00,
16/08/2014,47245.00,
17/08/2014,39952.00,
18/08/2014,30784.00,
19/08/2014,35332.00,
20/08/2014,36817.00,
21/08/2014,33236.00,
22/08/2014,34047.00,
23/08/2014,29999.00,
24/08/2014,30962.00,
25/08/2014,6175.00,
26/08/2014,18448.00,
27/08/2014,32286.00,
28/08/2014,31842.00,
29/08/2014,32439.00,
30/08/2014,30832.00,
31/08/2014,33312.00,
01/09/2014,27455.00,
02/09/2014,36836.00,
03/09/2014,36523.00,
04/09/2014,35448.00,
05/09/2014,35013.00,
06/09/2014,33434.00,
07/09/2014,34248.00,
08/09/2014,36983.00,
09/09/2014,37674.00,
10/09/2014,37091.00,
11/09/2014,35303.00,
12/09/2014,37144.00,
13/09/2014,34174.00,
14/09/2014,31770.00,
15/09/2014,36629.00,
16/09/2014,37535.00,
17/09/2014,38583.00,
18/09/2014,38442.00,
19/09/2014,36841.00,
20/09/2014,31031.00,
21/09/2014,33334.00,
22/09/2014,35178.00,
23/09/2014,36460.00,
24/09/2014,32680.00,
25/09/2014,35367.00,
26/09/2014,35474.00,
27/09/2014,35087.00,
28/09/2014,37873.00,
29/09/2014,31701.00,
30/09/2014,37373.00,
01/10/2014,32733.00,
02/10/2014,36992.00,
03/10/2014,37909.00,
04/10/2014,18967.00,
05/10/2014,33082.00,
06/10/2014,24330.00,
07/10/2014,31465.00,
08/10/2014,23573.00,
09/10/2014,26642.00,
10/10/2014,32510.00,
11/10/2014,30498.00,
12/10/2014,23063.00,
13/10/2014,13299.00,
14/10/2014,28518.00,
15/10/2014,25424.00,
16/10/2014,31541.00,
17/10/2014,32770.00,
18/10/2014,28951.00,
19/10/2014,30480.00,
20/10/2014,31642.00,
21/10/2014,24681.00,
22/10/2014,30642.00,
23/10/2014,31277.00,
24/10/2014,29144.00,
25/10/2014,30053.00,
26/10/2014,26514.00,
27/10/2014,33716.00,
28/10/2014,35320.00,
29/10/2014,23281.00,
30/10/2014,32503.00,
31/10/2014,36478.00,
01/11/2014,31912.00,
02/11/2014,15887.00,
03/11/2014,22347.00,
04/11/2014,23525.00,
05/11/2014,27970.00,
06/11/2014,28274.00,
07/11/2014,26779.00,
08/11/2014,17473.00,
09/11/2014,24099.00,
10/11/2014,28303.00,
11/11/2014,28993.00,
12/11/2014,24878.00,
13/11/2014,27839.00,
14/11/2014,21442.00,
15/11/2014,22842.00,
16/11/2014,17849.00,
17/11/2014,21398.00,
18/11/2014,26094.00,
19/11/2014,28807.00,
20/11/2014,29068.00,
21/11/2014,24070.00,
22/11/2014,18347.00,
23/11/2014,6030.00,
24/11/2014,25884.00,
25/11/2014,24359.00,
26/11/2014,23096.00,
27/11/2014,26765.00,
28/11/2014,26782.00,
29/11/2014,24337.00,
30/11/2014,19998.00,
01/12/2014,24983.00,
02/12/2014,21614.00,
03/12/2014,25376.00,
04/12/2014,19993.00,
05/12/2014,22939.00,
06/12/2014,17431.00,
07/12/2014,12789.00,
08/12/2014,23519.00,
09/12/2014,23925.00,
10/12/2014,25028.00,
11/12/2014,23028.00,
12/12/2014,20436.00,
13/12/2014,18255.00,
14/12/2014,14441.00,
15/12/2014,22940.00,
16/12/2014,23087.00,
17/12/2014,22120.00,
18/12/2014,23196.00,
19/12/2014,21966.00,
20/12/2014,14690.00,
21/12/2014,11802.00,
22/12/2014,18552.00,
23/12/2014,16551.00,
24/12/2014,10385.00,
25/12/2014,39145.00,
26/12/2014,7678.00,
27/12/2014,6349.00,
28/12/2014,9293.00,
29/12/2014,12411.00,
30/12/2014,13120.00,
31/12/2014,12811.00,
01/01/2015,9615.00,
02/01/2015,15389.00,
03/01/2015,5779.00,
04/01/2015,9367.00,
05/01/2015,20566.00,
06/01/2015,20765.00,
07/01/2015,22504.00,
08/01/2015,15769.00,
09/01/2015,22285.00,
10/01/2015,14877.00,
11/01/2015,14738.00,
12/01/2015,17354.00,
13/01/2015,24966.00,
14/01/2015,23767.00,
15/01/2015,23123.00,
16/01/2015,22894.00,
17/01/2015,15443.00,
18/01/2015,13373.00,
19/01/2015,23193.00,
20/01/2015,23384.00,
21/01/2015,22987.00,
22/01/2015,23432.00,
23/01/2015,22093.00,
24/01/2015,17748.00,
25/01/2015,15267.00,
26/01/2015,22867.00,
27/01/2015,25222.00,
28/01/2015,21685.00,
29/01/2015,21421.00,
30/01/2015,21405.00,
31/01/2015,10385.00,
01/02/2015,11420.00,
02/02/2015,21770.00,
03/02/2015,20028.00,
04/02/2015,22056.00,
05/02/2015,21396.00,
06/02/2015,21146.00,
07/02/2015,13324.00,
08/02/2015,15983.00,
09/02/2015,24078.00,
10/02/2015,24399.00,
11/02/2015,23870.00,
12/02/2015,23429.00,
13/02/2015,17836.00,
14/02/2015,14644.00,
15/02/2015,17253.00,
16/02/2015,16548.00,
17/02/2015,25288.00,
18/02/2015,25340.00,
19/02/2015,17081.00,
20/02/2015,21014.00,
21/02/2015,16490.00,
22/02/2015,9214.00,
23/02/2015,21857.00,
24/02/2015,23758.00,
25/02/2015,21708.00,
26/02/2015,20131.00,
27/02/2015,24540.00,
28/02/2015,13677.00,
01/03/2015,15817.00,
02/03/2015,22379.00,
03/03/2015,24001.00,
04/03/2015,24544.00,
05/03/2015,24959.00,
06/03/2015,25527.00,
07/03/2015,27754.00,
08/03/2015,20207.00,
09/03/2015,24230.00,
10/03/2015,27878.00,
11/03/2015,27610.00,
12/03/2015,28324.00,
13/03/2015,25840.00,
14/03/2015,18270.00,
15/03/2015,10744.00,
16/03/2015,19950.00,
17/03/2015,25956.00,
18/03/2015,26618.00,
19/03/2015,24241.00,
20/03/2015,25424.00,
21/03/2015,16304.00,
22/03/2015,18782.00,
23/03/2015,25741.00,
24/03/2015,24161.00,
25/03/2015,25779.00,
26/03/2015,20415.00,
27/03/2015,26567.00,
28/03/2015,19242.00,
29/03/2015,8987.00,
30/03/2015,22235.00,
31/03/2015,22898.00,
01/04/2015,23677.00,
02/04/2015,22818.00,
03/04/2015,11503.00,
04/04/2015,13828.00,
05/04/2015,19685.00,
06/04/2015,25724.00,
07/04/2015,29525.00,
08/04/2015,30882.00,
09/04/2015,31671.00,
10/04/2015,32299.00,
11/04/2015,25415.00,
12/04/2015,29457.00,
13/04/2015,28203.00,
14/04/2015,34830.00,
15/04/2015,37709.00,
16/04/2015,30656.00,
17/04/2015,30001.00,
18/04/2015,29846.00,
19/04/2015,19906.00,
20/04/2015,32163.00,
21/04/2015,35103.00,
22/04/2015,32559.00,
23/04/2015,32935.00,
24/04/2015,32332.00,
25/04/2015,25441.00,
26/04/2015,19565.00,
27/04/2015,30735.00,
28/04/2015,32024.00,
29/04/2015,26197.00,
30/04/2015,31854.00,
01/05/2015,29822.00,
02/05/2015,22474.00,
03/05/2015,21375.00,
04/05/2015,26933.00,
05/05/2015,26633.00,
06/05/2015,24556.00,
07/05/2015,31283.00,
08/05/2015,27029.00,
09/05/2015,27995.00,
10/05/2015,32399.00,
11/05/2015,33872.00,
12/05/2015,33930.00,
13/05/2015,36877.00,
14/05/2015,15657.00,
15/05/2015,32522.00,
16/05/2015,32720.00,
17/05/2015,31506.00,
18/05/2015,24385.00,
19/05/2015,28408.00,
20/05/2015,30650.00,
21/05/2015,34922.00,
22/05/2015,33624.00,
23/05/2015,23989.00,
24/05/2015,30267.00,
25/05/2015,29607.00,
26/05/2015,34880.00,
27/05/2015,36496.00,
28/05/2015,34496.00,
29/05/2015,26155.00,
30/05/2015,29432.00,
31/05/2015,15075.00,
01/06/2015,27893.00,
02/06/2015,28070.00,
03/06/2015,35630.00,
04/06/2015,39687.00,
05/06/2015,35048.00,
06/06/2015,33088.00,
07/06/2015,35757.00,
08/06/2015,32745.00,
09/06/2015,33447.00,
10/06/2015,35862.00,
11/06/2015,38969.00,
12/06/2015,35367.00,
13/06/2015,30566.00,
14/06/2015,25402.00,
15/06/2015,34723.00,
16/06/2015,38166.00,
17/06/2015,38799.00,
18/06/2015,38875.00,
19/06/2015,36220.00,
20/06/2015,26546.00,
21/06/2015,30621.00,
22/06/2015,29711.00,
23/06/2015,37663.00,
24/06/2015,39183.00,
25/06/2015,38856.00,
26/06/2015,37281.00,
27/06/2015,36885.00,
28/06/2015,25846.00,
29/06/2015,39280.00,
30/06/2015,43582.00,
01/07/2015,42891.00,
02/07/2015,38467.00,
03/07/2015,39940.00,
04/07/2015,38640.00,
05/07/2015,29963.00,
06/07/2015,38895.00,
07/07/2015,38120.00,
08/07/2015,41921.00,
09/07/2015,73094.00,
10/07/2015,43266.00,
11/07/2015,42676.00,
12/07/2015,23498.00,
13/07/2015,27646.00,
14/07/2015,35600.00,
15/07/2015,34878.00,
16/07/2015,39609.00,
17/07/2015,38845.00,
18/07/2015,38906.00,
19/07/2015,36989.00,
20/07/2015,32140.00,
21/07/2015,41001.00,
22/07/2015,38133.00,
23/07/2015,39368.00,
24/07/2015,16135.00,
25/07/2015,32982.00,
26/07/2015,12497.00,
27/07/2015,32103.00,
28/07/2015,36310.00,
29/07/2015,37021.00,
30/07/2015,36350.00,
31/07/2015,36932.00,
01/08/2015,43492.00,
02/08/2015,43679.00,
03/08/2015,35609.00,
04/08/2015,37864.00,
05/08/2015,39010.00,
06/08/2015,63963.00,
07/08/2015,39788.00,
08/08/2015,39362.00,
09/08/2015,40758.00,
10/08/2015,35625.00,
11/08/2015,34567.00,
12/08/2015,36838.00,
13/08/2015,26185.00,
14/08/2015,25638.00,
15/08/2015,34137.00,
16/08/2015,30948.00,
17/08/2015,36003.00,
18/08/2015,34776.00,
19/08/2015,31903.00,
20/08/2015,32857.00,
21/08/2015,36329.00,
22/08/2015,44724.00,
23/08/2015,27202.00,
24/08/2015,17520.00,
25/08/2015,28401.00,
26/08/2015,23969.00,
27/08/2015,30856.00,
28/08/2015,33201.00,
29/08/2015,22828.00,
30/08/2015,25191.00,
31/08/2015,9709.00,
01/09/2015,25739.00,
02/09/2015,30313.00,
03/09/2015,31163.00,
04/09/2015,29913.00,
05/09/2015,22475.00,
06/09/2015,29539.00,
07/09/2015,31917.00,
08/09/2015,32968.00,
09/09/2015,33332.00,
10/09/2015,35956.00,
11/09/2015,34690.00,
12/09/2015,29143.00,
13/09/2015,26342.00,
14/09/2015,25923.00,
15/09/2015,28311.00,
16/09/2015,18764.00,
17/09/2015,32336.00,
18/09/2015,30124.00,
19/09/2015,33855.00,
20/09/2015,31380.00,
21/09/2015,23831.00,
22/09/2015,20567.00,
23/09/2015,34193.00,
24/09/2015,29537.00,
25/09/2015,35064.00,
26/09/2015,32955.00,
27/09/2015,30024.00,
28/09/2015,33341.00,
29/09/2015,34591.00,
30/09/2015,35143.00,
01/10/2015,34845.00,
02/10/2015,35782.00,
03/10/2015,29224.00,
04/10/2015,30096.00,
05/10/2015,20833.00,
06/10/2015,25972.00,
07/10/2015,28817.00,
08/10/2015,33877.00,
09/10/2015,34392.00,
10/10/2015,29683.00,
11/10/2015,27984.00,
12/10/2015,31469.00,
13/10/2015,31753.00,
14/10/2015,30815.00,
15/10/2015,31062.00,
16/10/2015,30295.00,
17/10/2015,24555.00,
18/10/2015,23282.00,
19/10/2015,30127.00,
20/10/2015,32949.00,
21/10/2015,19085.00,
22/10/2015,30539.00,
23/10/2015,30515.00,
24/10/2015,17058.00,
25/10/2015,23591.00,
26/10/2015,30606.00,
27/10/2015,32635.00,
28/10/2015,24040.00,
29/10/2015,27534.00,
30/10/2015,24195.00,
31/10/2015,27765.00,
01/11/2015,23085.00,
02/11/2015,28256.00,
03/11/2015,30911.00,
04/11/2015,23675.00,
05/11/2015,24685.00,
06/11/2015,25677.00,
07/11/2015,15031.00,
08/11/2015,18943.00,
09/11/2015,28623.00,
10/11/2015,29429.00,
11/11/2015,30049.00,
12/11/2015,29108.00,
13/11/2015,25410.00,
14/11/2015,8983.00,
15/11/2015,17711.00,
16/11/2015,26676.00,
17/11/2015,23773.00,
18/11/2015,26636.00,
19/11/2015,23852.00,
20/11/2015,25993.00,
21/11/2015,12847.00,
22/11/2015,13205.00,
23/11/2015,24070.00,
24/11/2015,21348.00,
25/11/2015,26187.00,
26/11/2015,26826.00,
27/11/2015,23667.00,
28/11/2015,16523.00,
29/11/2015,11453.00,
30/11/2015,21886.00,
01/12/2015,26714.00,
02/12/2015,27975.00,
03/12/2015,26038.00,
04/12/2015,26130.00,
05/12/2015,16667.00,
06/12/2015,15627.00,
07/12/2015,25897.00,
08/12/2015,23565.00,
09/12/2015,27739.00,
10/12/2015,23251.00,
11/12/2015,23439.00,
12/12/2015,16815.00,
13/12/2015,12364.00,
14/12/2015,23972.00,
15/12/2015,20310.00,
16/12/2015,25740.00,
17/12/2015,25977.00,
18/12/2015,25886.00,
19/12/2015,18883.00,
20/12/2015,13118.00,
21/12/2015,18239.00,
22/12/2015,17571.00,
23/12/2015,18568.00,
24/12/2015,8968.00,
25/12/2015,22871.00,
26/12/2015,10362.00,
27/12/2015,9507.00,
28/12/2015,13851.00,
29/12/2015,15717.00,
30/12/2015,12379.00,
31/12/2015,14024.00,
01/01/2016,9922.00,
02/01/2016,7246.00,
03/01/2016,4894.00,
04/01/2016,20644.00,
05/01/2016,22934.00,
06/01/2016,23199.00,
07/01/2016,18225.00,
08/01/2016,20948.00,
09/01/2016,11674.00,
10/01/2016,14447.00,
11/01/2016,21188.00,
12/01/2016,22924.00,
13/01/2016,24726.00,
14/01/2016,22266.00,
15/01/2016,22594.00,
16/01/2016,16258.00,
17/01/2016,11826.00,
18/01/2016,22905.00,
19/01/2016,23919.00,
20/01/2016,23919.00,
21/01/2016,23490.00,
22/01/2016,18431.00,
23/01/2016,17424.00,
24/01/2016,16474.00,
25/01/2016,25886.00,
26/01/2016,20329.00,
27/01/2016,21816.00,
28/01/2016,25490.00,
29/01/2016,22701.00,
30/01/2016,16528.00,
31/01/2016,11098.00,
01/02/2016,23742.00,
02/02/2016,24643.00,
03/02/2016,24601.00,
04/02/2016,25344.00,
05/02/2016,22806.00,
06/02/2016,13255.00,
07/02/2016,14219.00,
08/02/2016,19924.00,
09/02/2016,23460.00,
10/02/2016,23769.00,
11/02/2016,25393.00,
12/02/2016,22995.00,
13/02/2016,9948.00,
14/02/2016,13782.00,
15/02/2016,21918.00,
16/02/2016,24537.00,
17/02/2016,19168.00,
18/02/2016,23696.00,
19/02/2016,22300.00,
20/02/2016,11224.00,
21/02/2016,14745.00,
22/02/2016,20538.00,
23/02/2016,25832.00,
24/02/2016,25634.00,
25/02/2016,24296.00,
26/02/2016,23714.00,
27/02/2016,14871.00,
28/02/2016,13549.00,
29/02/2016,23738.00,
01/03/2016,20876.00,
02/03/2016,20775.00,
03/03/2016,24559.00,
04/03/2016,24179.00,
05/03/2016,12340.00,
06/03/2016,12591.00,
07/03/2016,22785.00,
08/03/2016,23308.00,
09/03/2016,19280.00,
10/03/2016,23648.00,
11/03/2016,21026.00,
12/03/2016,21834.00,
13/03/2016,21938.00,
14/03/2016,25597.00,
15/03/2016,25379.00,
16/03/2016,25489.00,
17/03/2016,27198.00,
18/03/2016,23210.00,
19/03/2016,18060.00,
20/03/2016,17163.00,
21/03/2016,25990.00,
22/03/2016,29312.00,
23/03/2016,27052.00,
24/03/2016,19477.00,
25/03/2016,25612.00,
26/03/2016,11211.00,
27/03/2016,10149.00,
28/03/2016,10316.00,
29/03/2016,18945.00,
30/03/2016,26700.00,
31/03/2016,28486.00,
01/04/2016,27310.00,
02/04/2016,24416.00,
03/04/2016,21068.00,
04/04/2016,25182.00,
05/04/2016,30155.00,
06/04/2016,24132.00,
07/04/2016,22338.00,
08/04/2016,27357.00,
09/04/2016,19858.00,
10/04/2016,23389.00,
11/04/2016,24162.00,
12/04/2016,30801.00,
13/04/2016,30285.00,
14/04/2016,30566.00,
15/04/2016,15919.00,
16/04/2016,17801.00,
17/04/2016,18274.00,
18/04/2016,28512.00,
19/04/2016,33719.00,
20/04/2016,34577.00,
21/04/2016,31937.00,
22/04/2016,20532.00,
23/04/2016,22060.00,
24/04/2016,18873.00,
25/04/2016,24389.00,
26/04/2016,27862.00,
27/04/2016,28431.00,
28/04/2016,28901.00,
29/04/2016,25658.00,
30/04/2016,24844.00,
01/05/2016,29664.00,
02/05/2016,19598.00,
03/05/2016,32037.00,
04/05/2016,36514.00,
05/05/2016,39104.00,
06/05/2016,40117.00,
07/05/2016,44532.00,
08/05/2016,45301.00,
09/05/2016,30821.00,
10/05/2016,21673.00,
11/05/2016,27922.00,
12/05/2016,38525.00,
13/05/2016,35109.00,
14/05/2016,30442.00,
15/05/2016,34725.00,
16/05/2016,37441.00,
17/05/2016,36810.00,
18/05/2016,24335.00,
19/05/2016,34655.00,
20/05/2016,36101.00,
21/05/2016,26785.00,
22/05/2016,31115.00,
23/05/2016,35451.00,
24/05/2016,36580.00,
25/05/2016,31919.00,
26/05/2016,37442.00,
27/05/2016,36133.00,
28/05/2016,31301.00,
29/05/2016,31246.00,
30/05/2016,24041.00,
31/05/2016,16227.00,
01/06/2016,27156.00,
02/06/2016,29162.00,
03/06/2016,29580.00,
04/06/2016,30140.00,
05/06/2016,40836.00,
06/06/2016,39528.00,
07/06/2016,35137.00,
08/06/2016,34588.00,
09/06/2016,41546.00,
10/06/2016,40139.00,
11/06/2016,29018.00,
12/06/2016,18109.00,
13/06/2016,27571.00,
14/06/2016,30218.00,
15/06/2016,37704.00,
16/06/2016,31406.00,
17/06/2016,32018.00,
18/06/2016,29692.00,
19/06/2016,31372.00,
20/06/2016,22309.00,
21/06/2016,39003.00,
22/06/2016,36628.00,
23/06/2016,25129.00,
24/06/2016,36530.00,
25/06/2016,26357.00,
26/06/2016,29597.00,
27/06/2016,33695.00,
28/06/2016,31701.00,
29/06/2016,31496.00,
30/06/2016,35867.00,
01/07/2016,28108.00,
02/07/2016,30802.00,
03/07/2016,34195.00,
04/07/2016,37628.00,
05/07/2016,40955.00,
06/07/2016,42871.00,
07/07/2016,39670.00,
08/07/2016,37311.00,
09/07/2016,34525.00,
10/07/2016,29556.00,
11/07/2016,32781.00,
12/07/2016,30186.00,
13/07/2016,36128.00,
14/07/2016,40364.00,
15/07/2016,37045.00,
16/07/2016,38916.00,
17/07/2016,38340.00,
18/07/2016,43497.00,
19/07/2016,46625.00,
20/07/2016,45156.00,
21/07/2016,41731.00,
22/07/2016,36401.00,
23/07/2016,42121.00,
24/07/2016,39070.00,
25/07/2016,40999.00,
26/07/2016,42528.00,
27/07/2016,33646.00,
28/07/2016,39009.00,
29/07/2016,35737.00,
30/07/2016,46251.00,
31/07/2016,46276.00,
01/08/2016,30074.00,
02/08/2016,28949.00,
03/08/2016,40683.00,
04/08/2016,39488.00,
05/08/2016,40570.00,
06/08/2016,42579.00,
07/08/2016,38620.00,
08/08/2016,38117.00,
09/08/2016,40052.00,
10/08/2016,38917.00,
11/08/2016,38034.00,
12/08/2016,40645.00,
13/08/2016,43792.00,
14/08/2016,44648.00,
15/08/2016,41764.00,
16/08/2016,40899.00,
17/08/2016,42879.00,
18/08/2016,39379.00,
19/08/2016,25862.00,
20/08/2016,24712.00,
21/08/2016,28625.00,
22/08/2016,36064.00,
23/08/2016,42558.00,
24/08/2016,41088.00,
25/08/2016,38191.00,
26/08/2016,38222.00,
27/08/2016,32656.00,
28/08/2016,26325.00,
29/08/2016,34665.00,
30/08/2016,39992.00,
31/08/2016,39344.00,
01/09/2016,40302.00,
02/09/2016,34661.00,
03/09/2016,23805.00,
04/09/2016,27901.00,
05/09/2016,28210.00,
06/09/2016,37982.00,
07/09/2016,40232.00,
08/09/2016,41004.00,
09/09/2016,36554.00,
10/09/2016,17308.00,
11/09/2016,39906.00,
12/09/2016,39687.00,
13/09/2016,44035.00,
14/09/2016,44909.00,
15/09/2016,42598.00,
16/09/2016,22204.00,
17/09/2016,27548.00,
18/09/2016,29830.00,
19/09/2016,33401.00,
20/09/2016,37658.00,
21/09/2016,40646.00,
22/09/2016,38411.00,
23/09/2016,38963.00,
24/09/2016,36243.00,
25/09/2016,30015.00,
26/09/2016,35059.00,
27/09/2016,36094.00,
28/09/2016,38893.00,
29/09/2016,34840.00,
30/09/2016,34140.00,
01/10/2016,17832.00,
02/10/2016,27335.00,
03/10/2016,35892.00,
04/10/2016,37162.00,
05/10/2016,36314.00,
06/10/2016,35332.00,
07/10/2016,33361.00,
08/10/2016,27236.00,
09/10/2016,25390.00,
10/10/2016,33045.00,
11/10/2016,35254.00,
12/10/2016,32552.00,
13/10/2016,30762.00,
14/10/2016,32637.00,
15/10/2016,23773.00,
16/10/2016,18685.00,
17/10/2016,29007.00,
18/10/2016,33062.00,
19/10/2016,33953.00,
20/10/2016,32624.00,
21/10/2016,30838.00,
22/10/2016,26322.00,
23/10/2016,23812.00,
24/10/2016,30329.00,
25/10/2016,33313.00,
26/10/2016,34322.00,
27/10/2016,34203.00,
28/10/2016,33769.00,
29/10/2016,28114.00,
30/10/2016,24166.00,
31/10/2016,34747.00,
01/11/2016,32334.00,
02/11/2016,32316.00,
03/11/2016,31111.00,
04/11/2016,22143.00,
05/11/2016,19649.00,
06/11/2016,13576.00,
07/11/2016,17329.00,
08/11/2016,26382.00,
09/11/2016,18878.00,
10/11/2016,26075.00,
11/11/2016,28088.00,
12/11/2016,9709.00,
13/11/2016,19258.00,
14/11/2016,24824.00,
15/11/2016,28810.00,
16/11/2016,27646.00,
17/11/2016,27692.00,
18/11/2016,26884.00,
19/11/2016,18288.00,
20/11/2016,10704.00,
21/11/2016,19374.00,
22/11/2016,27723.00,
23/11/2016,29047.00,
24/11/2016,28091.00,
25/11/2016,27692.00,
26/11/2016,19805.00,
27/11/2016,15628.00,
28/11/2016,26980.00,
29/11/2016,27847.00,
30/11/2016,27119.00,
01/12/2016,26431.00,
02/12/2016,26223.00,
03/12/2016,18120.00,
04/12/2016,15448.00,
05/12/2016,26456.00,
06/12/2016,28347.00,
07/12/2016,29735.00,
08/12/2016,28632.00,
09/12/2016,30076.00,
10/12/2016,15054.00,
11/12/2016,17713.00,
12/12/2016,25476.00,
13/12/2016,26747.00,
14/12/2016,29130.00,
15/12/2016,28449.00,
16/12/2016,27926.00,
17/12/2016,17473.00,
18/12/2016,15152.00,
19/12/2016,23736.00,
20/12/2016,25106.00,
21/12/2016,23329.00,
22/12/2016,21659.00,
23/12/2016,14534.00,
24/12/2016,7978.00,
25/12/2016,37401.00,
26/12/2016,11637.00,
27/12/2016,11003.00,
28/12/2016,12530.00,
29/12/2016,14206.00,
30/12/2016,11684.00,
31/12/2016,11584.00,
01/01/2017,6534.00,
02/01/2017,11954.00,
03/01/2017,19622.00,
04/01/2017,22122.00,
05/01/2017,23580.00,
06/01/2017,18973.00,
07/01/2017,13879.00,
08/01/2017,13506.00,
09/01/2017,38042.00,
10/01/2017,28106.00,
11/01/2017,28270.00,
12/01/2017,17109.00,
13/01/2017,20963.00,
14/01/2017,13766.00,
15/01/2017,6752.00,
16/01/2017,19230.00,
17/01/2017,27281.00,
18/01/2017,27194.00,
19/01/2017,26826.00,
20/01/2017,25125.00,
21/01/2017,17552.00,
22/01/2017,15628.00,
23/01/2017,23280.00,
24/01/2017,26611.00,
25/01/2017,25175.00,
26/01/2017,23831.00,
27/01/2017,23387.00,
28/01/2017,17523.00,
29/01/2017,9078.00,
30/01/2017,24969.00,
31/01/2017,22623.00,
01/02/2017,23181.00,
02/02/2017,25601.00,
03/02/2017,23231.00,
04/02/2017,17324.00,
05/02/2017,14570.00,
06/02/2017,24312.00,
07/02/2017,27156.00,
08/02/2017,25770.00,
09/02/2017,22900.00,
10/02/2017,18673.00,
11/02/2017,9394.00,
12/02/2017,10272.00,
13/02/2017,24159.00,
14/02/2017,26649.00,
15/02/2017,24330.00,
16/02/2017,26649.00,
17/02/2017,25883.00,
18/02/2017,21292.00,
19/02/2017,19169.00,
20/02/2017,28665.00,
21/02/2017,28929.00,
22/02/2017,27290.00,
23/02/2017,22520.00,
24/02/2017,26832.00,
25/02/2017,14132.00,
26/02/2017,14911.00,
27/02/2017,20001.00,
28/02/2017,24755.00,
01/03/2017,24746.00,
02/03/2017,26938.00,
03/03/2017,22914.00,
04/03/2017,21546.00,
05/03/2017,10593.00,
06/03/2017,26917.00,
07/03/2017,29174.00,
08/03/2017,24440.00,
09/03/2017,31113.00,
10/03/2017,28126.00,
11/03/2017,30560.00,
12/03/2017,15850.00,
13/03/2017,32177.00,
14/03/2017,30857.00,
15/03/2017,34548.00,
16/03/2017,31876.00,
17/03/2017,26481.00,
18/03/2017,7771.00,
19/03/2017,19335.00,
20/03/2017,24145.00,
21/03/2017,30182.00,
22/03/2017,23725.00,
23/03/2017,27639.00,
24/03/2017,27578.00,
25/03/2017,28374.00,
26/03/2017,24090.00,
27/03/2017,30887.00,
28/03/2017,32314.00,
29/03/2017,29907.00,
30/03/2017,34219.00,
31/03/2017,30730.00,
01/04/2017,28237.00,
02/04/2017,31064.00,
03/04/2017,34287.00,
04/04/2017,30887.00,
05/04/2017,33985.00,
06/04/2017,36003.00,
07/04/2017,35434.00,
08/04/2017,38878.00,
09/04/2017,42854.00,
10/04/2017,31158.00,
11/04/2017,35436.00,
12/04/2017,32570.00,
13/04/2017,30343.00,
14/04/2017,22357.00,
15/04/2017,24627.00,
16/04/2017,23090.00,
17/04/2017,20130.00,
18/04/2017,29490.00,
19/04/2017,32500.00,
20/04/2017,33546.00,
21/04/2017,31510.00,
22/04/2017,28323.00,
23/04/2017,28736.00,
24/04/2017,28500.00,
25/04/2017,32383.00,
26/04/2017,28360.00,
27/04/2017,26727.00,
28/04/2017,30390.00,
29/04/2017,28450.00,
30/04/2017,27461.00,
01/05/2017,18493.00,
02/05/2017,32945.00,
03/05/2017,27191.00,
04/05/2017,31200.00,
05/05/2017,31355.00,
06/05/2017,29020.00,
07/05/2017,28491.00,
08/05/2017,30426.00,
09/05/2017,33211.00,
10/05/2017,36305.00,
11/05/2017,33911.00,
12/05/2017,32618.00,
13/05/2017,29539.00,
14/05/2017,30145.00,
15/05/2017,25882.00,
16/05/2017,35964.00,
17/05/2017,18926.00,
18/05/2017,23268.00,
19/05/2017,28730.00,
20/05/2017,26825.00,
21/05/2017,33728.00,
22/05/2017,40021.00,
23/05/2017,39259.00,
24/05/2017,41644.00,
25/05/2017,43528.00,
26/05/2017,43701.00,
27/05/2017,35354.00,
28/05/2017,27909.00,
29/05/2017,26476.00,
30/05/2017,37517.00,
31/05/2017,39019.00,
01/06/2017,42514.00,
02/06/2017,34459.00,
03/06/2017,38635.00,
04/06/2017,30840.00,
05/06/2017,30846.00,
06/06/2017,17387.00,
07/06/2017,34819.00,
08/06/2017,32751.00,
09/06/2017,33705.00,
10/06/2017,36788.00,
11/06/2017,32997.00,
12/06/2017,36114.00,
13/06/2017,41337.00,
14/06/2017,44762.00,
15/06/2017,42249.00,
16/06/2017,40288.00,
17/06/2017,41719.00,
18/06/2017,38577.00,
19/06/2017,41624.00,
20/06/2017,43185.00,
21/06/2017,43885.00,
22/06/2017,39708.00,
23/06/2017,40025.00,
24/06/2017,30271.00,
25/06/2017,31012.00,
26/06/2017,42096.00,
27/06/2017,24206.00,
28/06/2017,33008.00,
29/06/2017,38137.00,
30/06/2017,40350.00,
01/07/2017,36183.00,
02/07/2017,42875.00,
03/07/2017,39970.00,
04/07/2017,43784.00,
05/07/2017,46035.00,
06/07/2017,44386.00,
07/07/2017,43547.00,
08/07/2017,40196.00,
09/07/2017,38912.00,
10/07/2017,41086.00,
11/07/2017,25955.00,
12/07/2017,38377.00,
13/07/2017,42082.00,
14/07/2017,38932.00,
15/07/2017,30690.00,
16/07/2017,31595.00,
17/07/2017,41811.00,
18/07/2017,41804.00,
19/07/2017,39340.00,
20/07/2017,37164.00,
21/07/2017,37967.00,
22/07/2017,16392.00,
23/07/2017,26432.00,
24/07/2017,32515.00,
25/07/2017,41029.00,
26/07/2017,33566.00,
27/07/2017,32588.00,
28/07/2017,32857.00,
29/07/2017,23334.00,
30/07/2017,31893.00,
31/07/2017,38541.00,
01/08/2017,39837.00,
02/08/2017,27123.00,
03/08/2017,34430.00,
04/08/2017,34893.00,
05/08/2017,27715.00,
06/08/2017,31536.00,
07/08/2017,32303.00,
08/08/2017,33854.00,
09/08/2017,11525.00,
10/08/2017,35707.00,
11/08/2017,34462.00,
12/08/2017,31034.00,
13/08/2017,34928.00,
14/08/2017,35979.00,
15/08/2017,38181.00,
16/08/2017,37037.00,
17/08/2017,31947.00,
18/08/2017,28252.00,
19/08/2017,29156.00,
20/08/2017,25270.00,
21/08/2017,27725.00,
22/08/2017,33327.00,
23/08/2017,34439.00,
24/08/2017,34548.00,
25/08/2017,35108.00,
26/08/2017,31442.00,
27/08/2017,33657.00,
28/08/2017,34862.00,
29/08/2017,35427.00,
30/08/2017,22542.00,
31/08/2017,35953.00,
01/09/2017,36194.00,
02/09/2017,35246.00,
03/09/2017,21934.00,
04/09/2017,28710.00,
05/09/2017,32336.00,
06/09/2017,36559.00,
07/09/2017,35614.00,
08/09/2017,23199.00,
09/09/2017,28349.00,
10/09/2017,21298.00,
11/09/2017,26886.00,
12/09/2017,32569.00,
13/09/2017,32583.00,
14/09/2017,33252.00,
15/09/2017,31628.00,
16/09/2017,26166.00,
17/09/2017,25300.00,
18/09/2017,30718.00,
19/09/2017,34917.00,
20/09/2017,35149.00,
21/09/2017,31174.00,
22/09/2017,36125.00,
23/09/2017,30654.00,
24/09/2017,32726.00,
25/09/2017,30066.00,
26/09/2017,37394.00,
27/09/2017,34694.00,
28/09/2017,35526.00,
29/09/2017,28782.00,
30/09/2017,29003.00,
01/10/2017,22814.00,
02/10/2017,33891.00,
03/10/2017,37187.00,
04/10/2017,36798.00,
05/10/2017,34779.00,
06/10/2017,35344.00,
07/10/2017,25505.00,
08/10/2017,28830.00,
09/10/2017,34182.00,
10/10/2017,35961.00,
11/10/2017,32760.00,
12/10/2017,36372.00,
13/10/2017,34229.00,
14/10/2017,32123.00,
15/10/2017,32696.00,
16/10/2017,34787.00,
17/10/2017,35199.00,
18/10/2017,27348.00,
19/10/2017,31069.00,
20/10/2017,31306.00,
21/10/2017,22475.00,
22/10/2017,21013.00,
23/10/2017,30604.00,
24/10/2017,33732.00,
25/10/2017,36064.00,
26/10/2017,28423.00,
27/10/2017,34654.00,
28/10/2017,26633.00,
29/10/2017,22228.00,
30/10/2017,31364.00,
31/10/2017,33312.00,
01/11/2017,34747.00,
02/11/2017,34290.00,
03/11/2017,34716.00,
04/11/2017,17801.00,
05/11/2017,21588.00,
06/11/2017,30663.00,
07/11/2017,27314.00,
08/11/2017,29455.00,
09/11/2017,31374.00,
10/11/2017,28480.00,
11/11/2017,16679.00,
12/11/2017,16460.00,
13/11/2017,29301.00,
14/11/2017,29355.00,
15/11/2017,30564.00,
16/11/2017,31112.00,
17/11/2017,29876.00,
18/11/2017,12976.00,
19/11/2017,18874.00,
20/11/2017,25998.00,
21/11/2017,31316.00,
22/11/2017,31315.00,
23/11/2017,30147.00,
24/11/2017,28930.00,
25/11/2017,17691.00,
26/11/2017,15229.00,
27/11/2017,24324.00,
28/11/2017,28202.00,
29/11/2017,27319.00,
30/11/2017,25986.00,
01/12/2017,24321.00,
02/12/2017,16887.00,
03/12/2017,12773.00,
04/12/2017,27613.00,
05/12/2017,29611.00,
06/12/2017,29058.00,
07/12/2017,24810.00,
08/12/2017,24431.00,
09/12/2017,15509.00,
10/12/2017,5143.00,
11/12/2017,13055.00,
12/12/2017,22780.00,
13/12/2017,20074.00,
14/12/2017,24064.00,
15/12/2017,21107.00,
16/12/2017,12229.00,
17/12/2017,7519.00,
18/12/2017,23414.00,
19/12/2017,22935.00,
20/12/2017,21801.00,
21/12/2017,20945.00,
22/12/2017,17124.00,
23/12/2017,9725.00,
24/12/2017,7498.00,
25/12/2017,27305.00,
26/12/2017,7149.00,
27/12/2017,5426.00,
28/12/2017,11236.00,
29/12/2017,8346.00,
30/12/2017,10908.00,
31/12/2017,9292.00,
01/01/2018,10235.00,
02/01/2018,14394.00,
03/01/2018,20265.00,
04/01/2018,17543.00,
05/01/2018,21759.00,
06/01/2018,13920.00,
07/01/2018,12259.00,
08/01/2018,23374.00,
09/01/2018,24683.00,
10/01/2018,26787.00,
11/01/2018,25222.00,
12/01/2018,24696.00,
13/01/2018,17512.00,
14/01/2018,15070.00,
15/01/2018,19161.00,
16/01/2018,26921.00,
17/01/2018,26934.00,
18/01/2018,26471.00,
19/01/2018,25799.00,
20/01/2018,9398.00,
21/01/2018,5859.00,
22/01/2018,26337.00,
23/01/2018,26003.00,
24/01/2018,20206.00,
25/01/2018,28189.00,
26/01/2018,26430.00,
27/01/2018,14472.00,
28/01/2018,17512.00,
29/01/2018,26371.00,
30/01/2018,28002.00,
31/01/2018,24117.00,
01/02/2018,25525.00,
02/02/2018,25331.00,
03/02/2018,8975.00,
04/02/2018,13833.00,
05/02/2018,23898.00,
06/02/2018,25349.00,
07/02/2018,25388.00,
08/02/2018,25791.00,
09/02/2018,21037.00,
10/02/2018,9956.00,
11/02/2018,14621.00,
12/02/2018,24719.00,
13/02/2018,20931.00,
14/02/2018,18866.00,
15/02/2018,25264.00,
16/02/2018,25411.00,
17/02/2018,23169.00,
18/02/2018,18624.00,
19/02/2018,19879.00,
20/02/2018,25055.00,
21/02/2018,26434.00,
22/02/2018,26179.00,
23/02/2018,23067.00,
24/02/2018,16522.00,
25/02/2018,14037.00,
26/02/2018,19204.00,
27/02/2018,18741.00,
28/02/2018,10619.00,
01/03/2018,8744.00,
02/03/2018,8234.00,
03/03/2018,7924.00,
04/03/2018,10853.00,
05/03/2018,24818.00,
06/03/2018,26301.00,
07/03/2018,22044.00,
08/03/2018,25967.00,
09/03/2018,18912.00,
10/03/2018,18717.00,
11/03/2018,16259.00,
12/03/2018,19996.00,
13/03/2018,28069.00,
14/03/2018,28769.00,
15/03/2018,25318.00,
16/03/2018,28308.00,
17/03/2018,8106.00,
18/03/2018,6624.00,
19/03/2018,20488.00,
20/03/2018,24582.00,
21/03/2018,27719.00,
22/03/2018,27228.00,
23/03/2018,26894.00,
24/03/2018,18804.00,
25/03/2018,19723.00,
26/03/2018,29486.00,
27/03/2018,22603.00,
28/03/2018,15800.00,
29/03/2018,20237.00,
30/03/2018,6362.00,
31/03/2018,11032.00,
01/04/2018,13504.00,
02/04/2018,7998.00,
03/04/2018,22708.00,
04/04/2018,23173.00,
05/04/2018,30508.00,
06/04/2018,30690.00,
07/04/2018,25909.00,
08/04/2018,9759.00,
09/04/2018,16324.00,
10/04/2018,26751.00,
11/04/2018,24883.00,
12/04/2018,26473.00,
13/04/2018,27363.00,
14/04/2018,34235.00,
15/04/2018,21324.00,
16/04/2018,30730.00,
17/04/2018,33025.00,
18/04/2018,40544.00,
19/04/2018,43585.00,
20/04/2018,45048.00,
21/04/2018,42328.00,
22/04/2018,38395.00,
23/04/2018,35940.00,
24/04/2018,33430.00,
25/04/2018,33426.00,
26/04/2018,34995.00,
27/04/2018,21387.00,
28/04/2018,17368.00,
29/04/2018,15822.00,
30/04/2018,17112.00,
01/05/2018,34598.00,
02/05/2018,23727.00,
03/05/2018,35477.00,
04/05/2018,36447.00,
05/05/2018,39070.00,
06/05/2018,40606.00,
07/05/2018,45435.00,
08/05/2018,41579.00,
09/05/2018,41130.00,
10/05/2018,38054.00,
11/05/2018,38386.00,
12/05/2018,16717.00,
13/05/2018,29190.00,
14/05/2018,38095.00,
15/05/2018,42106.00,
16/05/2018,34627.00,
17/05/2018,37549.00,
18/05/2018,37305.00,
19/05/2018,36895.00,
20/05/2018,39964.00,
21/05/2018,38800.00,
22/05/2018,41242.00,
23/05/2018,38229.00,
24/05/2018,31970.00,
25/05/2018,35108.00,
26/05/2018,33573.00,
27/05/2018,33192.00,
28/05/2018,36742.00,
29/05/2018,24312.00,
30/05/2018,34884.00,
31/05/2018,37677.00,
01/06/2018,37293.00,
02/06/2018,38293.00,
03/06/2018,39871.00,
04/06/2018,35255.00,
05/06/2018,37048.00,
06/06/2018,41592.00,
07/06/2018,37841.00,
08/06/2018,39576.00,
09/06/2018,36466.00,
10/06/2018,38562.00,
11/06/2018,41027.00,
12/06/2018,38487.00,
13/06/2018,40569.00,
14/06/2018,37871.00,
15/06/2018,39862.00,
16/06/2018,31329.00,
17/06/2018,26769.00,
18/06/2018,39768.00,
19/06/2018,41862.00,
20/06/2018,41134.00,
21/06/2018,41533.00,
22/06/2018,41765.00,
23/06/2018,38772.00,
24/06/2018,38982.00,
25/06/2018,44565.00,
26/06/2018,46084.00,
27/06/2018,44788.00,
28/06/2018,43075.00,
29/06/2018,43081.00,
30/06/2018,38522.00,
01/07/2018,37334.00,
02/07/2018,42556.00,
03/07/2018,44655.00,
04/07/2018,43511.00,
05/07/2018,44052.00,
06/07/2018,43143.00,
07/07/2018,36308.00,
08/07/2018,38196.00,
09/07/2018,41893.00,
10/07/2018,43535.00,
11/07/2018,44003.00,
12/07/2018,41826.00,
13/07/2018,38879.00,
14/07/2018,37733.00,
15/07/2018,37299.00,
16/07/2018,41828.00,
17/07/2018,43392.00,
18/07/2018,43183.00,
19/07/2018,42857.00,
20/07/2018,40297.00,
21/07/2018,38763.00,
22/07/2018,37683.00,
23/07/2018,42509.00,
24/07/2018,44195.00,
25/07/2018,44870.00,
26/07/2018,43343.00,
27/07/2018,34606.00,
28/07/2018,41145.00,
29/07/2018,18974.00,
30/07/2018,38274.00,
31/07/2018,42260.00,
01/08/2018,43691.00,
02/08/2018,43292.00,
03/08/2018,40908.00,
04/08/2018,39318.00,
05/08/2018,40220.00,
06/08/2018,41963.00,
07/08/2018,40954.00,
08/08/2018,42676.00,
09/08/2018,20574.00,
10/08/2018,29253.00,
11/08/2018,33214.00,
12/08/2018,23113.00,
13/08/2018,36510.00,
14/08/2018,40735.00,
15/08/2018,40930.00,
16/08/2018,28400.00,
17/08/2018,36869.00,
18/08/2018,31691.00,
19/08/2018,32209.00,
20/08/2018,37839.00,
21/08/2018,40293.00,
22/08/2018,38401.00,
23/08/2018,34492.00,
24/08/2018,27839.00,
25/08/2018,25490.00,
26/08/2018,8177.00,
27/08/2018,25059.00,
28/08/2018,34791.00,
29/08/2018,27070.00,
30/08/2018,37001.00,
31/08/2018,35209.00,
01/09/2018,35326.00,
02/09/2018,35048.00,
03/09/2018,36068.00,
04/09/2018,36581.00,
05/09/2018,36059.00,
06/09/2018,34778.00,
07/09/2018,35451.00,
08/09/2018,28318.00,
09/09/2018,30598.00,
10/09/2018,36965.00,
11/09/2018,37221.00,
12/09/2018,33403.00,
13/09/2018,38708.00,
14/09/2018,35332.00,
15/09/2018,33465.00,
16/09/2018,32055.00,
17/09/2018,39190.00,
18/09/2018,38360.00,
19/09/2018,37027.00,
20/09/2018,35317.00,
21/09/2018,32942.00,
22/09/2018,12376.00,
23/09/2018,13192.00,
24/09/2018,34563.00,
25/09/2018,36730.00,
26/09/2018,39281.00,
27/09/2018,39835.00,
28/09/2018,35817.00,
29/09/2018,32941.00,
30/09/2018,25254.00,
01/10/2018,34411.00,
02/10/2018,37515.00,
03/10/2018,38434.00,
04/10/2018,36930.00,
05/10/2018,39569.00,
06/10/2018,10043.00,
07/10/2018,25713.00,
08/10/2018,35156.00,
09/10/2018,39132.00,
10/10/2018,39398.00,
11/10/2018,35875.00,
12/10/2018,35747.00,
13/10/2018,36393.00,
14/10/2018,10292.00,
15/10/2018,28044.00,
16/10/2018,37920.00,
17/10/2018,30482.00,
18/10/2018,35206.00,
19/10/2018,34707.00,
20/10/2018,32588.00,
21/10/2018,32484.00,
22/10/2018,34430.00,
23/10/2018,34889.00,
24/10/2018,35656.00,
25/10/2018,34640.00,
26/10/2018,27636.00,
27/10/2018,18756.00,
28/10/2018,13675.00,
29/10/2018,29409.00,
30/10/2018,30269.00,
31/10/2018,32891.00,
01/11/2018,23475.00,
02/11/2018,31083.00,
03/11/2018,25142.00,
04/11/2018,21829.00,
05/11/2018,31421.00,
06/11/2018,33038.00,
07/11/2018,27656.00,
08/11/2018,32933.00,
09/11/2018,27403.00,
10/11/2018,14732.00,
11/11/2018,18455.00,
12/11/2018,26077.00,
13/11/2018,32062.00,
14/11/2018,33339.00,
15/11/2018,33043.00,
16/11/2018,28581.00,
17/11/2018,20518.00,
18/11/2018,9585.00,
19/11/2018,18246.00,
20/11/2018,15237.00,
21/11/2018,25022.00,
22/11/2018,26112.00,
23/11/2018,25881.00,
24/11/2018,15813.00,
25/11/2018,14529.00,
26/11/2018,27509.00,
27/11/2018,22128.00,
28/11/2018,22846.00,
29/11/2018,25714.00,
30/11/2018,28615.00,
01/12/2018,14046.00,
02/12/2018,15990.00,
03/12/2018,25801.00,
04/12/2018,28982.00,
05/12/2018,23816.00,
06/12/2018,16600.00,
07/12/2018,18608.00,
08/12/2018,16515.00,
09/12/2018,15441.00,
10/12/2018,27880.00,
11/12/2018,28904.00,
12/12/2018,27494.00,
13/12/2018,25997.00,
14/12/2018,24076.00,
15/12/2018,8076.00,
16/12/2018,12123.00,
17/12/2018,24973.00,
18/12/2018,20180.00,
19/12/2018,22425.00,
20/12/2018,23694.00,
21/12/2018,19169.00,
22/12/2018,13310.00,
23/12/2018,6748.00,
24/12/2018,10043.00,
25/12/2018,35267.00,
26/12/2018,10841.00,
27/12/2018,12310.00,
28/12/2018,13794.00,
29/12/2018,13100.00,
30/12/2018,12922.00,
31/12/2018,16305.00,
01/01/2019,14148.00,
02/01/2019,19746.00,
03/01/2019,21552.00,
04/01/2019,20863.00,
05/01/2019,13907.00,
06/01/2019,14262.00,
07/01/2019,25668.00,
08/01/2019,27757.00,
09/01/2019,26568.00,
10/01/2019,26022.00,
11/01/2019,26378.00,
12/01/2019,16750.00,
13/01/2019,16304.00,
14/01/2019,28097.00,
15/01/2019,29413.00,
16/01/2019,24500.00,
17/01/2019,26053.00,
18/01/2019,25525.00,
19/01/2019,16653.00,
20/01/2019,16803.00,
21/01/2019,26567.00,
22/01/2019,23083.00,
23/01/2019,25406.00,
24/01/2019,24357.00,
25/01/2019,24198.00,
26/01/2019,15062.00,
27/01/2019,10596.00,
28/01/2019,25859.00,
29/01/2019,24732.00,
30/01/2019,25482.00,
31/01/2019,23487.00,
01/02/2019,12841.00,
02/02/2019,14136.00,
03/02/2019,14637.00,
04/02/2019,18254.00,
05/02/2019,25682.00,
06/02/2019,26197.00,
07/02/2019,26703.00,
08/02/2019,17468.00,
09/02/2019,17439.00,
10/02/2019,10800.00,
11/02/2019,27439.00,
12/02/2019,28786.00,
13/02/2019,29145.00,
14/02/2019,29270.00,
15/02/2019,28838.00,
16/02/2019,20560.00,
17/02/2019,24383.00,
18/02/2019,23815.00,
19/02/2019,28927.00,
20/02/2019,28971.00,
21/02/2019,30474.00,
22/02/2019,29703.00,
23/02/2019,29242.00,
24/02/2019,26092.00,
25/02/2019,31480.00,
26/02/2019,34996.00,
27/02/2019,35420.00,
28/02/2019,27219.00,
01/03/2019,28255.00,
02/03/2019,22795.00,
03/03/2019,9641.00,
04/03/2019,26532.00,
05/03/2019,29701.00,
06/03/2019,25449.00,
07/03/2019,24884.00,
08/03/2019,23635.00,
09/03/2019,19951.00,
10/03/2019,12111.00,
11/03/2019,27725.00,
12/03/2019,21718.00,
13/03/2019,26816.00,
14/03/2019,23699.00,
15/03/2019,26123.00,
16/03/2019,14594.00,
17/03/2019,14390.00,
18/03/2019,27824.00,
19/03/2019,27683.00,
20/03/2019,30485.00,
21/03/2019,31307.00,
22/03/2019,28229.00,
23/03/2019,25897.00,
24/03/2019,27408.00,
25/03/2019,31215.00,
26/03/2019,31955.00,
27/03/2019,31263.00,
28/03/2019,32315.00,
29/03/2019,35321.00,
30/03/2019,33026.00,
31/03/2019,20325.00,
01/04/2019,31834.00,
02/04/2019,24529.00,
03/04/2019,27059.00,
04/04/2019,25493.00,
05/04/2019,27536.00,
06/04/2019,20423.00,
07/04/2019,16897.00,
08/04/2019,26527.00,
09/04/2019,25534.00,
10/04/2019,31699.00,
11/04/2019,30961.00,
12/04/2019,27403.00,
13/04/2019,19856.00,
14/04/2019,20896.00,
15/04/2019,30837.00,
16/04/2019,31842.00,
17/04/2019,37203.00,
18/04/2019,36574.00,
19/04/2019,36505.00,
20/04/2019,38712.00,
21/04/2019,36686.00,
22/04/2019,35435.00,
23/04/2019,34948.00,
24/04/2019,34593.00,
25/04/2019,34494.00,
26/04/2019,32006.00,
27/04/2019,18379.00,
28/04/2019,22631.00,
29/04/2019,33748.00,
30/04/2019,38908.00,
01/05/2019,37952.00,
02/05/2019,32563.00,
03/05/2019,28182.00,
04/05/2019,19806.00,
05/05/2019,22896.00,
06/05/2019,22472.00,
07/05/2019,34646.00,
08/05/2019,20276.00,
09/05/2019,28404.00,
10/05/2019,34078.00,
11/05/2019,25475.00,
12/05/2019,31836.00,
13/05/2019,37537.00,
14/05/2019,39647.00,
15/05/2019,39054.00,
16/05/2019,38408.00,
17/05/2019,29846.00,
18/05/2019,28138.00,
19/05/2019,26727.00,
20/05/2019,36072.00,
21/05/2019,41251.00,
22/05/2019,40312.00,
23/05/2019,41314.00,
24/05/2019,37280.00,
25/05/2019,33151.00,
26/05/2019,26802.00,
27/05/2019,28309.00,
28/05/2019,34443.00,
29/05/2019,31203.00,
30/05/2019,39450.00,
31/05/2019,39017.00,
01/06/2019,40800.00,
02/06/2019,33865.00,
03/06/2019,37306.00,
04/06/2019,31948.00,
05/06/2019,38033.00,
06/06/2019,38141.00,
07/06/2019,25122.00,
08/06/2019,26656.00,
09/06/2019,29311.00,
10/06/2019,13358.00,
11/06/2019,34285.00,
12/06/2019,25449.00,
13/06/2019,26617.00,
14/06/2019,33837.00,
15/06/2019,28235.00,
16/06/2019,26102.00,
17/06/2019,38894.00,
18/06/2019,29854.00,
19/06/2019,33190.00,
20/06/2019,38345.00,
21/06/2019,38656.00,
22/06/2019,36858.00,
23/06/2019,30851.00,
24/06/2019,38617.00,
25/06/2019,38200.00,
26/06/2019,39620.00,
27/06/2019,41692.00,
28/06/2019,39986.00,
29/06/2019,38616.00,
30/06/2019,33990.00,
01/07/2019,39257.00,
02/07/2019,42658.00,
03/07/2019,43924.00,
04/07/2019,44668.00,
05/07/2019,42466.00,
06/07/2019,34018.00,
07/07/2019,29889.00,
08/07/2019,39670.00,
09/07/2019,41447.00,
10/07/2019,42343.00,
11/07/2019,41916.00,
12/07/2019,41305.00,
13/07/2019,36204.00,
14/07/2019,27858.00,
15/07/2019,39489.00,
16/07/2019,43693.00,
17/07/2019,41959.00,
18/07/2019,34240.00,
19/07/2019,25620.00,
20/07/2019,31351.00,
21/07/2019,33251.00,
22/07/2019,40842.00,
23/07/2019,44457.00,
24/07/2019,42296.00,
25/07/2019,39323.00,
26/07/2019,31517.00,
27/07/2019,19950.00,
28/07/2019,29319.00,
29/07/2019,41472.00,
30/07/2019,27449.00,
31/07/2019,38299.00,
01/08/2019,39898.00,
02/08/2019,38278.00,
03/08/2019,39388.00,
04/08/2019,34341.00,
05/08/2019,34041.00,
06/08/2019,39369.00,
07/08/2019,37776.00,
08/08/2019,40667.00,
09/08/2019,30719.00,
10/08/2019,25956.00,
11/08/2019,29952.00,
12/08/2019,29570.00,
13/08/2019,39534.00,
14/08/2019,19154.00,
15/08/2019,38018.00,
16/08/2019,23388.00,
17/08/2019,29360.00,
18/08/2019,24122.00,
19/08/2019,33048.00,
20/08/2019,39255.00,
21/08/2019,38251.00,
22/08/2019,38056.00,
23/08/2019,35995.00,
24/08/2019,30776.00,
25/08/2019,31355.00,
26/08/2019,33150.00,
27/08/2019,37597.00,
28/08/2019,36576.00,
29/08/2019,38337.00,
30/08/2019,37147.00,
31/08/2019,30847.00,
01/09/2019,29486.00,
02/09/2019,35280.00,
03/09/2019,37229.00,
04/09/2019,33933.00,
05/09/2019,36722.00,
06/09/2019,31798.00,
07/09/2019,28038.00,
08/09/2019,27969.00,
09/09/2019,29440.00,
10/09/2019,36814.00,
11/09/2019,35787.00,
12/09/2019,38252.00,
13/09/2019,37354.00,
14/09/2019,34966.00,
15/09/2019,33698.00,
16/09/2019,32747.00,
17/09/2019,39025.00,
18/09/2019,38751.00,
19/09/2019,38271.00,
20/09/2019,37699.00,
21/09/2019,36479.00,
22/09/2019,24154.00,
23/09/2019,30941.00,
24/09/2019,21563.00,
25/09/2019,32427.00,
26/09/2019,28976.00,
27/09/2019,29557.00,
28/09/2019,24960.00,
29/09/2019,15478.00,
30/09/2019,27787.00,
01/10/2019,24631.00,
02/10/2019,33923.00,
03/10/2019,32707.00,
04/10/2019,32314.00,
05/10/2019,26578.00,
06/10/2019,21690.00,
07/10/2019,28418.00,
08/10/2019,32894.00,
09/10/2019,34874.00,
10/10/2019,35641.00,
11/10/2019,25222.00,
12/10/2019,10047.00,
13/10/2019,16040.00,
14/10/2019,22519.00,
15/10/2019,34372.00,
16/10/2019,30763.00,
17/10/2019,30259.00,
18/10/2019,29675.00,
19/10/2019,25400.00,
20/10/2019,20545.00,
21/10/2019,24215.00,
22/10/2019,33916.00,
23/10/2019,31786.00,
24/10/2019,23489.00,
25/10/2019,28988.00,
26/10/2019,14397.00,
27/10/2019,22155.00,
28/10/2019,30208.00,
29/10/2019,31225.00,
30/10/2019,32157.00,
31/10/2019,30951.00,
01/11/2019,25128.00,
02/11/2019,14557.00,
03/11/2019,18356.00,
04/11/2019,29198.00,
05/11/2019,31016.00,
06/11/2019,30745.00,
07/11/2019,30244.00,
08/11/2019,26194.00,
09/11/2019,12350.00,
10/11/2019,18491.00,
11/11/2019,28080.00,
12/11/2019,27391.00,
13/11/2019,29661.00,
14/11/2019,28649.00,
15/11/2019,21318.00,
16/11/2019,18553.00,
17/11/2019,18082.00,
18/11/2019,28521.00,
19/11/2019,28760.00,
20/11/2019,29437.00,
21/11/2019,27064.00,
22/11/2019,24865.00,
23/11/2019,14904.00,
24/11/2019,15599.00,
25/11/2019,25722.00,
26/11/2019,26982.00,
27/11/2019,26575.00,
28/11/2019,26030.00,
29/11/2019,28463.00,
30/11/2019,18176.00,
01/12/2019,14242.00,
02/12/2019,27306.00,
03/12/2019,29645.00,
04/12/2019,29458.00,
05/12/2019,28547.00,
06/12/2019,21917.00,
07/12/2019,19235.00,
08/12/2019,15139.00,
09/12/2019,27089.00,
10/12/2019,24198.00,
11/12/2019,27414.00,
12/12/2019,19740.00,
13/12/2019,23189.00,
14/12/2019,14862.00,
15/12/2019,14077.00,
16/12/2019,24344.00,
17/12/2019,19747.00,
18/12/2019,24745.00,
19/12/2019,21679.00,
20/12/2019,14451.00,
21/12/2019,9370.00,
22/12/2019,10407.00,
23/12/2019,15878.00,
24/12/2019,10478.00,
25/12/2019,34674.00,
26/12/2019,5649.00,
27/12/2019,11718.00,
28/12/2019,11414.00,
29/12/2019,12256.00,
30/12/2019,16166.00,
31/12/2019,13043.00,
01/01/2020,11152.00,
02/01/2020,18682.00,
03/01/2020,18437.00,
04/01/2020,15702.00,
05/01/2020,12978.00,
06/01/2020,23773.00,
07/01/2020,27554.00,
08/01/2020,28269.00,
09/01/2020,26628.00,
10/01/2020,26848.00,
11/01/2020,18219.00,
12/01/2020,16502.00,
13/01/2020,23839.00,
14/01/2020,23020.00,
15/01/2020,22499.00,
16/01/2020,26303.00,
17/01/2020,25811.00,
18/01/2020,19817.00,
19/01/2020,17922.00,
20/01/2020,28250.00,
21/01/2020,28832.00,
22/01/2020,27725.00,
23/01/2020,28420.00,
24/01/2020,26419.00,
25/01/2020,18206.00,
26/01/2020,12854.00,
27/01/2020,23486.00,
28/01/2020,28218.00,
29/01/2020,28959.00,
30/01/2020,27971.00,
31/01/2020,26378.00,
01/02/2020,20293.00,
02/02/2020,16220.00,
03/02/2020,28267.00,
04/02/2020,29473.00,
05/02/2020,29710.00,
06/02/2020,29481.00,
07/02/2020,28238.00,
08/02/2020,21810.00,
09/02/2020,6479.00,
10/02/2020,21873.00,
11/02/2020,27194.00,
12/02/2020,27948.00,
13/02/2020,25454.00,
14/02/2020,26508.00,
15/02/2020,9833.00,
16/02/2020,6514.00,
17/02/2020,25733.00,
18/02/2020,25268.00,
19/02/2020,24298.00,
20/02/2020,22662.00,
21/02/2020,24885.00,
22/02/2020,18664.00,
23/02/2020,14080.00,
24/02/2020,23515.00,
25/02/2020,27095.00,
26/02/2020,28059.00,
27/02/2020,20356.00,
28/02/2020,18676.00,
29/02/2020,12542.00,
01/03/2020,16831.00,
02/03/2020,26484.00,
03/03/2020,29209.00,
04/03/2020,23390.00,
05/03/2020,17028.00,
06/03/2020,27950.00,
07/03/2020,20229.00,
08/03/2020,14917.00,
09/03/2020,22851.00,
10/03/2020,28186.00,
11/03/2020,29716.00,
12/03/2020,26841.00,
13/03/2020,25233.00,
14/03/2020,18742.00,
15/03/2020,13268.00,
16/03/2020,24370.00,
17/03/2020,19268.00,
18/03/2020,17407.00,
19/03/2020,13371.00,
20/03/2020,13696.00,
21/03/2020,17550.00,
22/03/2020,16229.00,
23/03/2020,11639.00,
24/03/2020,10165.00,
25/03/2020,10643.00,
26/03/2020,10978.00,
27/03/2020,11035.00,
28/03/2020,12946.00,
29/03/2020,7349.00,
30/03/2020,7006.00,
31/03/2020,9121.00,
01/04/2020,9194.00,
02/04/2020,9898.00,
03/04/2020,11139.00,
04/04/2020,22109.00,
05/04/2020,28905.00,
06/04/2020,10565.00,
07/04/2020,14773.00,
08/04/2020,13660.00,
09/04/2020,17452.00,
10/04/2020,27293.00,
11/04/2020,33454.00,
12/04/2020,29537.00,
13/04/2020,18014.00,
14/04/2020,14625.00,
15/04/2020,18067.00,
16/04/2020,16660.00,
17/04/2020,11211.00,
18/04/2020,20331.00,
19/04/2020,39996.00,
20/04/2020,17453.00,
21/04/2020,18745.00,
22/04/2020,21173.00,
23/04/2020,23869.00,
24/04/2020,23367.00,
25/04/2020,38063.00,
26/04/2020,39116.00,
27/04/2020,17205.00,
28/04/2020,4872.00,
29/04/2020,11432.00,
30/04/2020,9116.00,
01/05/2020,14663.00,
02/05/2020,38474.00,
03/05/2020,26982.00,
04/05/2020,18332.00,
05/05/2020,18503.00,
06/05/2020,23350.00,
07/05/2020,27389.00,
08/05/2020,43669.00,
09/05/2020,48752.00,
10/05/2020,23540.00,
11/05/2020,13366.00,
12/05/2020,20120.00,
13/05/2020,16886.00,
14/05/2020,20445.00,
15/05/2020,28363.00,
16/05/2020,46227.00,
17/05/2020,51422.00,
18/05/2020,29598.00,
19/05/2020,35525.00,
20/05/2020,42827.00,
21/05/2020,36203.00,
22/05/2020,36817.00,
23/05/2020,40769.00,
24/05/2020,55805.00,
25/05/2020,67034.00,
26/05/2020,38386.00,
27/05/2020,38327.00,
28/05/2020,40682.00,
29/05/2020,45693.00,
30/05/2020,70170.00,
31/05/2020,63116.00,
01/06/2020,38376.00,
02/06/2020,45524.00,
03/06/2020,28915.00,
04/06/2020,27752.00,
05/06/2020,28586.00,
06/06/2020,27731.00,
07/06/2020,39225.00,
08/06/2020,28859.00,
09/06/2020,36702.00,
10/06/2020,16957.00,
11/06/2020,24710.00,
12/06/2020,26990.00,
13/06/2020,65045.00,
14/06/2020,57516.00,
15/06/2020,37990.00,
16/06/2020,37758.00,
17/06/2020,26514.00,
18/06/2020,25666.00,
19/06/2020,36582.00,
20/06/2020,64041.00,
21/06/2020,45485.00,
22/06/2020,43004.00,
23/06/2020,48287.00,
24/06/2020,52131.00,
25/06/2020,52389.00,
26/06/2020,50978.00,
27/06/2020,41381.00,
28/06/2020,42221.00,
29/06/2020,32538.00,
30/06/2020,28707.00,
01/07/2020,31474.00,
02/07/2020,28054.00,
03/07/2020,37423.00,
04/07/2020,42173.00,
05/07/2020,47227.00,
06/07/2020,33688.00,
07/07/2020,32208.00,
08/07/2020,22306.00,
09/07/2020,26128.00,
10/07/2020,38143.00,
11/07/2020,51371.00,
12/07/2020,49653.00,
13/07/2020,35317.00,
14/07/2020,35224.00,
15/07/2020,34126.00,
16/07/2020,37401.00,
17/07/2020,46734.00,
18/07/2020,56654.00,
19/07/2020,33988.00,
20/07/2020,39255.00,
21/07/2020,40542.00,
22/07/2020,41579.00,
23/07/2020,40105.00,
24/07/2020,40929.00,
25/07/2020,24828.00,
26/07/2020,34216.00,
27/07/2020,23892.00,
28/07/2020,37887.00,
29/07/2020,41163.00,
30/07/2020,43105.00,
31/07/2020,43267.00,
01/08/2020,49591.00,
02/08/2020,44097.00,
03/08/2020,36822.00,
04/08/2020,41429.00,
05/08/2020,42674.00,
06/08/2020,41172.00,
07/08/2020,43349.00,
08/08/2020,47667.00,
09/08/2020,44699.00,
10/08/2020,40033.00,
11/08/2020,43139.00,
12/08/2020,41957.00,
13/08/2020,34296.00,
14/08/2020,30322.00,
15/08/2020,30834.00,
16/08/2020,32727.00,
17/08/2020,32065.00,
18/08/2020,39694.00,
19/08/2020,20690.00,
20/08/2020,42900.00,
21/08/2020,35563.00,
22/08/2020,44600.00,
23/08/2020,37229.00,
24/08/2020,31659.00,
25/08/2020,27213.00,
26/08/2020,41188.00,
27/08/2020,23767.00,
28/08/2020,27689.00,
29/08/2020,29091.00,
30/08/2020,35248.00,
31/08/2020,39872.00,
01/09/2020,36669.00,
02/09/2020,31809.00,
03/09/2020,30832.00,
04/09/2020,35992.00,
05/09/2020,42640.00,
06/09/2020,39964.00,
07/09/2020,32954.00,
08/09/2020,38508.00,
09/09/2020,39425.00,
10/09/2020,40273.00,
11/09/2020,38358.00,
12/09/2020,47615.00,
13/09/2020,47141.00,
14/09/2020,31631.00,
15/09/2020,43592.00,
16/09/2020,43355.00,
17/09/2020,42033.00,
18/09/2020,42106.00,
19/09/2020,51764.00,
20/09/2020,47835.00,
21/09/2020,38776.00,
22/09/2020,46181.00,
23/09/2020,30731.00,
24/09/2020,32999.00,
25/09/2020,30833.00,
26/09/2020,34352.00,
27/09/2020,26694.00,
28/09/2020,33146.00,
29/09/2020,32116.00,
30/09/2020,27200.00,
01/10/2020,34441.00,
02/10/2020,12207.00,
03/10/2020,21909.00,
04/10/2020,8779.00,
05/10/2020,25748.00,
06/10/2020,30723.00,
07/10/2020,34225.00,
08/10/2020,29150.00,
09/10/2020,29389.00,
10/10/2020,34838.00,
11/10/2020,34123.00,
12/10/2020,21308.00,
13/10/2020,20948.00,
14/10/2020,29591.00,
15/10/2020,30112.00,
16/10/2020,33858.00,
17/10/2020,34167.00,
18/10/2020,31540.00,
19/10/2020,29221.00,
20/10/2020,32568.00,
21/10/2020,17842.00,
22/10/2020,31992.00,
23/10/2020,32333.00,
24/10/2020,26255.00,
25/10/2020,27462.00,
26/10/2020,29578.00,
27/10/2020,21496.00,
28/10/2020,27747.00,
29/10/2020,21958.00,
30/10/2020,29425.00,
31/10/2020,23300.00,
01/11/2020,25625.00,
02/11/2020,27663.00,
03/11/2020,28623.00,
04/11/2020,36971.00,
05/11/2020,19762.00,
06/11/2020,21849.00,
07/11/2020,40469.00,
08/11/2020,31318.00,
09/11/2020,19955.00,
10/11/2020,24860.00,
11/11/2020,23661.00,
12/11/2020,25865.00,
13/11/2020,25767.00,
14/11/2020,15491.00,
15/11/2020,22687.00,
16/11/2020,19152.00,
17/11/2020,23524.00,
18/11/2020,23011.00,
19/11/2020,20455.00,
20/11/2020,18225.00,
21/11/2020,35358.00,
22/11/2020,35315.00,
23/11/2020,21680.00,
24/11/2020,22773.00,
25/11/2020,22103.00,
26/11/2020,23694.00,
27/11/2020,23667.00,
28/11/2020,34416.00,
29/11/2020,27107.00,
30/11/2020,19199.00,
01/12/2020,22282.00,
02/12/2020,24615.00,
03/12/2020,14619.00,
04/12/2020,22624.00,
05/12/2020,31470.00,
06/12/2020,20583.00,
07/12/2020,19778.00,
08/12/2020,21625.00,
09/12/2020,23013.00,
10/12/2020,23516.00,
11/12/2020,24943.00,
12/12/2020,29258.00,
13/12/2020,13220.00,
14/12/2020,15959.00,
15/12/2020,26241.00,
16/12/2020,17574.00,
17/12/2020,22945.00,
18/12/2020,18542.00,
19/12/2020,16643.00,
20/12/2020,17397.00,
21/12/2020,11190.00,
22/12/2020,14805.00,
23/12/2020,13215.00,
24/12/2020,15630.00,
25/12/2020,17741.00,
26/12/2020,12557.00,
27/12/2020,17726.00,
28/12/2020,12631.00,
29/12/2020,14666.00,
30/12/2020,17079.00,
31/12/2020,15004.00,
01/01/2021,10981.00,
02/01/2021,17560.00,
03/01/2021,13616.00,
04/01/2021,10374.00,
05/01/2021,9566.00,
06/01/2021,12382.00,
07/01/2021,12593.00,
08/01/2021,11387.00,
09/01/2021,19696.00,
10/01/2021,13796.00,
11/01/2021,11687.00,
12/01/2021,11761.00,
13/01/2021,8589.00,
14/01/2021,6731.00,
15/01/2021,13989.00,
16/01/2021,12296.00,
17/01/2021,24892.00,
18/01/2021,12987.00,
19/01/2021,12765.00,
20/01/2021,9216.00,
21/01/2021,15093.00,
22/01/2021,16854.00,
23/01/2021,24456.00,
24/01/2021,6632.00,
25/01/2021,13250.00,
26/01/2021,10898.00,
27/01/2021,12479.00,
28/01/2021,13783.00,
29/01/2021,14807.00,
30/01/2021,7915.00,
31/01/2021,16730.00,
01/02/2021,12563.00,
02/02/2021,14459.00,
03/02/2021,13017.00,
04/02/2021,11153.00,
05/02/2021,19520.00,
06/02/2021,19063.00,
07/02/2021,6252.00,
08/02/2021,6725.00,
09/02/2021,7263.00,
10/02/2021,11723.00,
11/02/2021,11144.00,
12/02/2021,11859.00,
13/02/2021,15958.00,
14/02/2021,14034.00,
15/02/2021,13491.00,
16/02/2021,12393.00,
17/02/2021,12945.00,
18/02/2021,16279.00,
19/02/2021,17584.00,
20/02/2021,39918.00,
21/02/2021,33629.00,
22/02/2021,13922.00,
23/02/2021,21689.00,
24/02/2021,22259.00,
25/02/2021,18457.00,
26/02/2021,29662.00,
27/02/2021,52427.00,
28/02/2021,31418.00,
01/03/2021,18213.00,
02/03/2021,19220.00,
03/03/2021,12412.00,
04/03/2021,15502.00,
05/03/2021,20347.00,
06/03/2021,30874.00,
07/03/2021,28887.00,
08/03/2021,18573.00,
09/03/2021,25686.00,
10/03/2021,11251.00,
11/03/2021,16827.00,
12/03/2021,18981.00,
13/03/2021,24105.00,
14/03/2021,21973.00,
15/03/2021,16467.00,
16/03/2021,18954.00,
17/03/2021,18881.00,
18/03/2021,16880.00,
19/03/2021,26747.00,
20/03/2021,34910.00,
21/03/2021,32886.00,
22/03/2021,25234.00,
23/03/2021,24057.00,
24/03/2021,22990.00,
25/03/2021,20543.00,
26/03/2021,17517.00,
27/03/2021,40106.00,
28/03/2021,23886.00,
29/03/2021,34568.00,
30/03/2021,50325.00,
31/03/2021,40431.00,
01/04/2021,36452.00,
02/04/2021,39025.00,
03/04/2021,33866.00,
04/04/2021,47487.00,
05/04/2021,26778.00,
06/04/2021,22331.00,
07/04/2021,24413.00,
08/04/2021,27051.00,
09/04/2021,30377.00,
10/04/2021,23647.00,
11/04/2021,31368.00,
12/04/2021,28606.00,
13/04/2021,29337.00,
14/04/2021,30835.00,
15/04/2021,26080.00,
16/04/2021,33857.00,
17/04/2021,42994.00,
18/04/2021,36369.00,
19/04/2021,30124.00,
20/04/2021,35594.00,
21/04/2021,30094.00,
22/04/2021,32079.00,
23/04/2021,34629.00,
24/04/2021,45261.00,
25/04/2021,29672.00,
26/04/2021,26159.00,
27/04/2021,30573.00,
28/04/2021,21840.00,
29/04/2021,27609.00,
30/04/2021,28821.00,
01/05/2021,34622.00,
02/05/2021,30606.00,
03/05/2021,21096.00,
04/05/2021,22318.00,
05/05/2021,22803.00,
06/05/2021,27214.00,
07/05/2021,31252.00,
08/05/2021,22404.00,
09/05/2021,34406.00,
10/05/2021,26169.00,
11/05/2021,30609.00,
12/05/2021,31712.00,
13/05/2021,24696.00,
14/05/2021,31624.00,
15/05/2021,28803.00,
16/05/2021,17714.00,
17/05/2021,21025.00,
18/05/2021,27761.00,
19/05/2021,29516.00,
20/05/2021,27195.00,
21/05/2021,21444.00,
22/05/2021,29995.00,
23/05/2021,22105.00,
24/05/2021,21311.00,
25/05/2021,29205.00,
26/05/2021,32433.00,
27/05/2021,37825.00,
28/05/2021,32904.00,
29/05/2021,49814.00,
30/05/2021,47763.00,
31/05/2021,53069.00,
01/06/2021,46109.00,
02/06/2021,46206.00,
03/06/2021,47170.00,
04/06/2021,22742.00,
05/06/2021,56900.00,
06/06/2021,41571.00,
07/06/2021,39528.00,
08/06/2021,44784.00,
09/06/2021,46622.00,
10/06/2021,44437.00,
11/06/2021,44164.00,
12/06/2021,56284.00,
13/06/2021,48648.00,
14/06/2021,41072.00,
15/06/2021,44254.00,
16/06/2021,44040.00,
17/06/2021,30025.00,
18/06/2021,19019.00,
19/06/2021,35694.00,
20/06/2021,28862.00,
21/06/2021,20308.00,
22/06/2021,35374.00,
23/06/2021,42286.00,
24/06/2021,40655.00,
25/06/2021,39245.00,
26/06/2021,49956.00,
27/06/2021,29857.00,
28/06/2021,28726.00,
29/06/2021,31705.00,
30/06/2021,36876.00,
01/07/2021,41628.00,
02/07/2021,42389.00,
03/07/2021,39874.00,
04/07/2021,32720.00,
05/07/2021,30621.00,
06/07/2021,24198.00,
07/07/2021,38154.00,
08/07/2021,38050.00,
09/07/2021,39283.00,
10/07/2021,40187.00,
11/07/2021,41697.00,
12/07/2021,26207.00,
13/07/2021,38752.00,
14/07/2021,41440.00,
15/07/2021,38928.00,
16/07/2021,42995.00,
17/07/2021,52076.00,
18/07/2021,46573.00,
19/07/2021,38150.00,
20/07/2021,39599.00,
21/07/2021,44450.00,
22/07/2021,46441.00,
23/07/2021,43689.00,
24/07/2021,36858.00,
25/07/2021,18928.00,
26/07/2021,35746.00,
27/07/2021,36757.00,
28/07/2021,26479.00,
29/07/2021,41800.00,
30/07/2021,27711.00,
31/07/2021,35245.00,
01/08/2021,34363.00,
02/08/2021,34271.00,
03/08/2021,38495.00,
04/08/2021,44100.00,
05/08/2021,32203.00,
06/08/2021,29528.00,
07/08/2021,24923.00,
08/08/2021,25151.00,
09/08/2021,21631.00,
10/08/2021,40594.00,
11/08/2021,43105.00,
12/08/2021,39300.00,
13/08/2021,36974.00,
14/08/2021,45240.00,
15/08/2021,38196.00,
16/08/2021,33350.00,
17/08/2021,33512.00,
18/08/2021,38932.00,
19/08/2021,38038.00,
20/08/2021,37246.00,
21/08/2021,33253.00,
22/08/2021,33740.00,
23/08/2021,35646.00,
24/08/2021,39528.00,
25/08/2021,40735.00,
26/08/2021,37207.00,
27/08/2021,38092.00,
28/08/2021,39079.00,
29/08/2021,37036.00,
30/08/2021,32834.00,
31/08/2021,34405.00,
01/09/2021,37351.00,
02/09/2021,38819.00,
03/09/2021,39313.00,
04/09/2021,41071.00,
05/09/2021,45019.00,
06/09/2021,41404.00,
07/09/2021,46820.00,
08/09/2021,45724.00,
09/09/2021,40841.00,
10/09/2021,37371.00,
11/09/2021,45775.00,
12/09/2021,40878.00,
13/09/2021,38381.00,
14/09/2021,22868.00,
15/09/2021,41475.00,
16/09/2021,43324.00,
17/09/2021,41451.00,
18/09/2021,51276.00,
19/09/2021,30843.00,
20/09/2021,37688.00,
21/09/2021,44742.00,
22/09/2021,46160.00,
23/09/2021,42839.00,
24/09/2021,46188.00,
25/09/2021,48464.00,
26/09/2021,45120.00,
27/09/2021,32167.00,
28/09/2021,32539.00,
29/09/2021,39889.00,
30/09/2021,34070.00,